subject,run,scene,TR (scene),TR (run)
1001,1,2,36,62
1001,1,4,20,148
1001,1,5,67,241
1001,2,1,24,24
1001,2,3,18,110
1001,2,4,36,151
1001,2,5,11,164
1001,3,1,37,37
1001,3,3,5,86
1001,3,4,6,128
1001,3,4,32,154
1001,4,2,11,51
1001,4,3,18,90
1001,4,4,43,147
1001,4,5,12,185
1001,5,1,25,25
1001,5,2,7,74
1001,5,4,11,168
1001,5,5,15,221
1001,6,1,8,8
1001,6,2,4,60
1001,6,3,21,85
1001,6,4,48,161
1001,6,5,24,193
1001,7,1,5,5
1001,7,1,15,15
1001,7,2,22,74
1001,7,2,43,95
1001,7,3,28,140
1001,8,1,29,29
1001,8,2,34,72
1001,8,3,21,108
1001,8,5,15,174
1001,8,5,70,229
1001,9,1,16,16
1001,9,2,15,62
1001,9,3,16,93
1001,9,4,17,167
1001,10,1,8,8
1001,10,3,2,73
1001,10,4,12,112
1001,10,5,36,149
1005,1,1,22,22
1005,2,1,20,20
1005,2,2,34,80
1005,2,5,4,156
1005,3,1,8,8
1005,3,2,13,78
1005,3,3,4,85
1005,3,3,39,120
1005,3,4,9,131
1005,3,4,58,180
1005,3,5,40,223
1005,4,2,16,56
1005,4,2,22,62
1005,4,3,20,92
1005,5,1,38,38
1005,5,1,49,49
1005,5,4,7,164
1005,5,5,7,213
1005,5,5,16,222
1005,6,1,11,11
1005,6,2,4,60
1005,6,4,39,152
1005,6,5,33,202
1005,7,1,5,5
1005,7,1,30,30
1005,7,2,15,67
1005,7,2,23,75
1005,7,2,45,97
1005,7,3,32,144
1005,8,3,35,122
1005,8,4,7,140
1005,8,5,30,189
1005,8,5,50,209
1005,9,1,4,4
1005,9,3,10,87
1005,10,1,7,7
1005,10,3,0,71
1005,10,4,11,111
1005,10,5,32,146
1008,1,2,13,38
1008,1,2,22,47
1008,1,5,38,211
1008,1,5,64,237
1008,2,1,23,23
1008,2,3,4,96
1008,3,1,28,28
1008,3,2,6,71
1008,3,3,4,85
1008,3,4,7,129
1008,3,4,57,179
1008,4,2,24,64
1008,4,3,13,85
1008,4,4,23,127
1008,5,1,47,47
1008,5,2,22,89
1008,5,4,15,172
1008,6,1,44,44
1008,6,3,45,109
1008,7,1,9,9
1008,7,1,20,20
1008,7,2,12,64
1008,7,2,43,95
1008,7,3,38,150
1008,8,3,40,126
1008,8,5,18,176
1008,9,1,18,18
1008,9,3,17,94
1008,10,5,17,130
1008,10,5,36,149
1011,1,1,18,18
1011,1,2,26,52
1011,1,2,31,57
1011,1,2,38,64
1011,1,3,8,76
1011,1,3,25,93
1011,1,3,28,96
1011,1,3,48,116
1011,1,4,8,137
1011,1,4,29,158
1011,1,5,10,185
1011,1,5,59,234
1011,2,1,5,5
1011,2,1,8,8
1011,2,1,18,18
1011,2,2,4,51
1011,2,2,26,73
1011,2,3,2,95
1011,2,3,7,100
1011,2,3,12,105
1011,2,3,14,107
1011,2,3,19,113
1011,2,4,13,129
1011,2,4,23,139
1011,2,5,2,156
1011,3,1,5,5
1011,3,1,11,11
1011,3,1,28,28
1011,3,2,4,70
1011,3,2,8,74
1011,3,3,7,89
1011,3,3,37,119
1011,3,4,8,131
1011,3,4,33,156
1011,3,4,59,182
1011,3,5,5,189
1011,3,5,29,213
1011,4,1,4,4
1011,4,1,8,8
1011,4,1,16,16
1011,4,1,26,26
1011,4,1,34,34
1011,4,2,2,43
1011,4,2,11,52
1011,4,2,21,62
1011,4,3,28,102
1011,4,4,3,109
1011,4,4,10,116
1011,4,4,21,127
1011,4,4,43,149
1011,4,5,9,184
1011,4,5,40,215
1011,5,1,3,3
1011,5,1,16,16
1011,5,1,58,58
1011,5,2,12,79
1011,5,2,24,91
1011,5,2,53,120
1011,5,3,2,126
1011,5,4,10,168
1011,5,4,44,202
1011,5,5,16,224
1011,5,5,27,235
1011,6,1,5,5
1011,6,1,24,24
1011,6,2,3,60
1011,6,3,3,68
1011,6,3,22,87
1011,6,3,43,108
1011,6,4,24,138
1011,6,5,25,195
1011,6,5,31,201
1011,7,1,3,3
1011,7,1,4,4
1011,7,1,17,17
1011,7,1,19,19
1011,7,1,44,44
1011,7,1,50,50
1011,7,2,11,64
1011,7,2,26,78
1011,7,2,43,95
1011,7,3,8,120
1011,7,3,19,131
1011,7,3,29,141
1011,8,1,7,7
1011,8,1,16,16
1011,8,1,23,23
1011,8,1,30,30
1011,8,2,19,57
1011,8,2,42,80
1011,8,3,39,126
1011,8,4,9,142
1011,8,4,14,147
1011,8,5,12,171
1011,8,5,37,196
1011,8,5,62,221
1011,8,5,71,230
1011,9,1,2,2
1011,9,1,10,10
1011,9,1,14,14
1011,9,1,20,20
1011,9,1,31,31
1011,9,1,41,41
1011,9,2,1,48
1011,9,2,3,50
1011,9,2,18,65
1011,9,3,18,95
1011,9,4,17,167
1011,9,5,13,189
1011,10,1,4,4
1011,10,1,18,18
1011,10,1,19,19
1011,10,1,36,36
1011,10,2,18,62
1011,10,2,22,65
1011,10,2,25,68
1011,10,3,2,74
1011,10,3,5,77
1011,10,3,6,78
1011,10,3,17,89
1011,10,5,23,137
1011,10,5,33,147
1014,1,5,11,185
1014,1,5,66,240
1014,2,2,23,69
1014,2,2,35,81
1014,2,3,19,111
1014,2,5,11,163
1014,3,3,0,81
1014,3,3,7,88
1014,3,4,15,137
1014,3,4,28,150
1014,3,4,56,178
1014,4,2,11,51
1014,4,2,23,63
1014,4,4,44,149
1014,4,5,9,183
1014,4,5,27,201
1014,4,5,28,202
1014,5,1,37,37
1014,5,1,66,66
1014,5,2,11,78
1014,5,2,42,109
1014,5,4,42,199
1014,5,5,6,212
1014,6,1,12,12
1014,6,1,50,50
1014,6,3,24,88
1014,6,4,30,143
1014,6,5,16,185
1014,7,1,19,19
1014,7,1,31,31
1014,7,2,13,65
1014,7,2,23,75
1014,8,1,24,24
1014,8,2,32,69
1014,8,3,43,129
1014,8,5,6,164
1014,8,5,68,226
1014,9,1,13,13
1014,9,2,22,69
1014,9,3,11,88
1014,9,5,10,186
1014,10,1,40,40
1014,10,4,9,109
1014,10,5,20,134
1014,10,5,33,147
1014,10,5,44,158
1017,1,1,19,19
1017,3,1,20,20
1017,3,2,7,72
1017,3,4,45,167
1017,4,1,22,22
1017,4,4,21,125
1017,4,5,51,224
1017,5,1,7,7
1017,5,2,55,123
1017,7,1,6,6
1017,7,1,19,19
1017,8,5,5,162
1017,10,1,8,8
1017,10,3,23,94
1017,10,5,48,162
1020,1,1,12,12
1020,1,2,12,38
1020,1,2,23,49
1020,1,2,37,63
1020,1,3,13,81
1020,1,3,17,85
1020,1,4,16,144
1020,1,4,43,171
1020,1,5,30,204
1020,1,5,42,216
1020,2,1,8,8
1020,2,1,29,29
1020,2,2,15,61
1020,2,2,31,77
1020,2,3,16,108
1020,2,4,13,128
1020,2,5,5,158
1020,3,1,47,47
1020,3,1,53,53
1020,3,2,13,80
1020,3,3,6,88
1020,3,3,21,103
1020,3,3,38,120
1020,3,4,7,130
1020,3,4,12,135
1020,3,4,35,158
1020,3,4,56,179
1020,4,1,38,38
1020,4,2,25,65
1020,4,3,18,90
1020,4,4,4,108
1020,4,5,10,183
1020,4,5,55,228
1020,5,1,5,5
1020,5,1,45,45
1020,5,2,15,82
1020,5,2,27,94
1020,5,2,48,115
1020,5,3,6,130
1020,5,4,9,167
1020,5,4,13,171
1020,5,4,24,182
1020,5,5,18,226
1020,6,1,17,17
1020,6,1,40,40
1020,6,2,6,62
1020,6,3,12,76
1020,6,3,22,86
1020,6,3,41,105
1020,6,4,16,129
1020,6,4,20,133
1020,6,4,40,153
1020,6,5,18,187
1020,6,5,32,201
1020,7,1,8,8
1020,7,1,17,17
1020,7,2,14,66
1020,7,2,25,77
1020,7,2,33,85
1020,7,2,46,98
1020,7,3,12,124
1020,7,3,29,141
1020,8,1,6,6
1020,8,2,11,48
1020,8,3,10,96
1020,8,3,33,119
1020,8,4,12,144
1020,8,5,16,174
1020,8,5,29,187
1020,8,5,69,227
1020,9,1,2,2
1020,9,1,6,6
1020,9,1,22,22
1020,9,2,7,54
1020,9,2,26,73
1020,9,3,9,86
1020,9,3,24,101
1020,9,4,18,168
1020,9,5,26,202
1020,10,1,9,9
1020,10,1,26,26
1020,10,1,39,39
1020,10,2,17,60
1020,10,3,11,83
1020,10,4,12,113
1020,10,5,17,132
1020,10,5,32,147
1020,10,5,41,156
1023,1,1,17,17
1023,1,1,18,18
1023,1,2,12,38
1023,1,2,12,38
1023,1,2,28,54
1023,1,2,28,54
1023,1,2,29,55
1023,1,3,17,86
1023,1,3,17,86
1023,1,3,29,98
1023,1,3,30,99
1023,1,3,37,106
1023,1,3,38,107
1023,1,4,15,145
1023,1,4,15,145
1023,1,4,22,152
1023,1,4,32,162
1023,1,4,32,162
1023,1,4,32,162
1023,1,5,10,187
1023,1,5,11,188
1023,1,5,49,226
1023,1,5,50,227
1023,2,1,9,9
1023,2,1,23,23
1023,2,1,24,24
1023,2,1,38,38
1023,2,2,40,86
1023,2,3,12,104
1023,2,3,12,104
1023,2,3,15,107
1023,2,3,16,108
1023,2,4,8,123
1023,2,4,21,136
1023,2,4,22,137
1023,2,4,22,137
1023,2,4,36,151
1023,3,1,21,21
1023,3,1,36,36
1023,3,1,56,56
1023,3,1,57,57
1023,3,2,3,69
1023,3,2,3,69
1023,3,2,6,72
1023,3,3,5,87
1023,3,3,20,102
1023,3,3,20,102
1023,3,3,34,116
1023,3,3,38,120
1023,3,3,38,120
1023,3,4,10,133
1023,3,4,11,134
1023,3,4,26,149
1023,3,4,45,168
1023,3,5,14,198
1023,3,5,14,198
1023,3,5,42,226
1023,4,1,19,19
1023,4,1,26,26
1023,4,2,21,61
1023,4,2,28,68
1023,4,3,6,78
1023,4,3,18,90
1023,4,3,21,93
1023,4,3,30,102
1023,4,4,14,119
1023,4,4,25,130
1023,4,5,5,180
1023,4,5,26,200
1023,4,5,37,211
1023,4,5,55,229
1023,4,5,56,230
1023,5,1,16,16
1023,5,1,34,34
1023,5,1,55,55
1023,5,2,11,78
1023,5,2,21,88
1023,5,2,27,94
1023,5,2,46,113
1023,5,4,8,166
1023,5,4,16,174
1023,5,4,24,182
1023,5,5,4,212
1023,5,5,31,239
1023,6,1,7,7
1023,6,1,11,11
1023,6,1,22,22
1023,6,1,40,40
1023,6,3,10,75
1023,6,3,15,80
1023,6,3,16,81
1023,6,3,16,81
1023,6,3,25,90
1023,6,3,39,104
1023,6,4,21,135
1023,6,5,15,185
1023,6,5,20,190
1023,6,5,24,194
1023,6,5,32,202
1023,7,1,17,17
1023,7,1,45,45
1023,7,2,8,60
1023,7,2,23,75
1023,7,2,31,83
1023,7,2,36,88
1023,7,2,46,98
1023,7,3,9,121
1023,7,3,15,127
1023,7,3,28,140
1023,7,3,40,152
1023,8,1,4,4
1023,8,1,16,16
1023,8,1,34,34
1023,8,2,5,43
1023,8,2,20,58
1023,8,2,27,65
1023,8,2,44,82
1023,8,3,20,107
1023,8,3,39,127
1023,8,3,43,130
1023,8,4,11,144
1023,8,4,19,152
1023,8,5,12,171
1023,8,5,19,178
1023,8,5,29,188
1023,8,5,43,202
1023,8,5,52,211
1023,8,5,68,227
1023,9,1,3,3
1023,9,1,15,15
1023,9,1,23,23
1023,9,1,41,41
1023,9,2,9,56
1023,9,2,15,62
1023,9,2,24,71
1023,9,3,14,91
1023,9,3,34,111
1023,9,3,39,116
1023,9,3,51,128
1023,9,3,64,141
1023,9,4,4,154
1023,9,4,17,167
1023,9,5,18,195
1023,9,5,26,203
1023,10,1,7,7
1023,10,1,19,19
1023,10,1,38,38
1023,10,2,7,50
1023,10,3,1,73
1023,10,3,3,75
1023,10,3,17,89
1023,10,3,26,98
1023,10,4,8,109
1023,10,4,11,112
1023,10,5,60,175
1023,10,5,64,179
1023,10,5,71,186
1026,1,5,73,247
1026,2,1,10,10
1026,2,2,35,81
1026,2,4,28,143
1026,2,5,10,163
1026,3,1,15,15
1026,3,3,22,103
1026,3,4,18,140
1026,4,2,10,50
1026,4,4,21,125
1026,4,5,18,191
1026,4,5,53,226
1026,5,1,12,12
1026,5,2,0,67
1026,5,2,25,92
1026,5,2,53,120
1026,5,4,45,202
1026,6,1,40,40
1026,6,3,19,83
1026,7,1,7,7
1026,7,1,16,16
1026,7,2,32,84
1026,7,2,51,104
1026,7,3,19,131
1026,7,3,28,140
1026,8,2,40,77
1026,8,5,14,171
1026,9,1,17,17
1026,9,1,41,41
1026,9,3,17,94
1026,9,3,52,129
1026,10,1,11,11
1026,10,3,7,78
1026,10,5,48,161
1029,1,4,23,151
1029,2,3,7,99
1029,3,2,9,74
1029,3,3,11,92
1029,3,5,34,218
1029,4,2,21,61
1029,4,4,7,111
1029,5,3,5,129
1029,5,4,27,185
1029,6,1,11,11
1029,6,4,45,158
1029,6,5,31,200
1029,7,1,11,11
1029,7,2,26,78
1029,7,3,32,144
1029,8,1,25,25
1029,8,3,41,127
1029,9,1,5,5
1029,9,2,2,49
1029,9,3,2,79
1029,9,4,6,156
1029,9,5,13,189
1029,10,1,13,13
1029,10,3,7,78
1029,10,3,27,98
1029,10,5,25,138
1033,1,4,27,155
1033,2,1,11,11
1033,3,1,5,5
1033,3,2,1,66
1033,3,3,8,89
1033,3,4,7,129
1033,3,4,57,179
1033,4,1,19,19
1033,4,1,26,26
1033,4,5,32,204
1033,5,1,54,54
1033,5,2,47,114
1033,6,1,9,9
1033,6,1,20,20
1033,6,1,26,26
1033,6,1,50,50
1033,6,3,21,86
1033,6,3,30,95
1033,6,5,33,203
1033,7,1,4,4
1033,7,1,16,16
1033,7,1,18,18
1033,7,1,28,28
1033,7,1,37,37
1033,7,2,27,79
1033,7,2,42,94
1033,7,3,4,116
1033,7,3,26,138
1033,8,2,42,79
1033,8,3,39,125
1033,8,5,30,189
1033,8,5,41,199
1033,8,5,60,218
1033,8,5,65,223
1033,9,1,13,13
1033,9,2,21,68
1033,10,1,13,13
1033,10,1,17,17
1033,10,5,14,127
1039,2,1,21,21
1039,2,2,37,83
1039,3,1,10,10
1039,4,3,23,95
1039,4,4,50,154
1039,4,5,40,213
1039,5,1,16,16
1039,5,1,49,49
1039,5,3,0,123
1039,5,4,46,203
1039,6,1,29,29
1039,6,3,44,109
1039,7,1,6,6
1039,7,1,18,18
1039,7,2,17,69
1039,7,2,42,94
1039,9,1,5,5
1039,9,3,22,99
1039,10,2,23,66
1039,10,5,34,148
2006,1,1,15,15
2006,1,1,32,32
2006,1,3,6,79
2006,1,5,15,129
2006,1,5,64,178
2006,2,1,10,10
2006,2,1,38,38
2006,2,2,6,62
2006,2,3,24,88
2006,2,3,43,107
2006,2,4,27,140
2006,2,5,15,184
2006,2,5,33,202
2006,3,1,11,11
2006,3,1,18,18
2006,3,2,7,45
2006,3,3,30,118
2006,3,3,42,129
2006,3,4,3,136
2006,3,5,9,168
2006,4,1,16,16
2006,4,2,10,75
2006,4,3,16,97
2006,4,4,9,131
2006,4,4,56,178
2006,5,1,26,26
2006,5,2,16,62
2006,5,2,26,72
2006,5,4,33,148
2006,6,1,2,2
2006,6,1,10,10
2006,6,2,8,55
2006,6,3,11,88
2006,6,3,25,102
2006,7,1,33,33
2006,7,1,43,43
2006,7,2,6,58
2006,7,2,43,95
2006,7,3,27,139
2006,8,1,27,27
2006,8,1,49,49
2006,8,4,41,198
2006,9,2,5,30
2006,9,2,40,65
2006,9,5,10,183
2006,9,5,40,213
2006,10,2,27,67
2006,10,3,15,87
2006,10,4,24,128
2006,10,5,37,210
2009,2,1,7,7
2009,2,3,0,64
2009,2,3,20,84
2009,2,4,12,125
2009,2,5,20,189
2009,3,1,12,12
2009,3,3,13,99
2009,3,3,37,123
2009,3,5,10,168
2009,3,5,61,219
2009,4,1,13,13
2009,4,3,10,91
2009,4,4,8,130
2009,4,5,32,215
2009,5,1,18,18
2009,5,2,16,62
2009,5,3,4,96
2009,5,3,16,108
2009,6,1,27,27
2009,6,3,18,95
2009,6,4,17,167
2009,7,1,20,20
2009,7,1,42,42
2009,7,2,3,55
2009,8,2,16,83
2009,8,3,32,155
2009,9,1,7,7
2009,9,2,27,52
2009,9,5,77,250
2009,10,2,23,63
2009,10,3,21,93
2009,10,4,9,113
2012,1,2,21,65
2012,1,5,49,164
2012,2,1,5,5
2012,2,5,17,186
2012,2,5,32,201
2012,3,2,6,43
2012,3,3,30,116
2012,3,4,5,137
2012,3,5,15,173
2012,4,3,36,118
2012,4,4,6,129
2012,4,4,56,179
2012,5,1,43,43
2012,5,3,18,110
2012,5,5,7,159
2012,6,1,35,36
2012,6,2,5,52
2012,6,3,14,91
2012,6,3,18,95
2012,7,1,18,18
2012,7,2,23,75
2012,7,2,43,95
2012,8,1,48,48
2012,9,2,11,36
2012,9,5,49,222
2012,10,2,24,64
2012,10,3,25,97
2012,10,5,14,186
2015,1,2,26,69
2015,1,5,46,160
2015,2,1,4,4
2015,2,1,22,22
2015,2,3,25,89
2015,2,3,29,93
2015,2,4,2,115
2015,2,5,32,201
2015,3,2,26,65
2015,3,3,43,130
2015,3,5,17,176
2015,3,5,25,184
2015,3,5,71,230
2015,4,1,17,17
2015,4,3,5,86
2015,4,4,8,130
2015,4,4,12,134
2015,5,2,43,89
2015,5,3,15,107
2015,5,4,24,139
2015,5,5,12,165
2015,6,1,3,3
2015,6,2,11,58
2015,6,3,20,97
2015,6,3,69,146
2015,6,4,19,169
2015,7,1,18,18
2015,7,1,40,40
2015,7,2,16,68
2015,7,2,42,94
2015,7,3,27,139
2015,8,2,27,94
2015,8,3,8,131
2015,8,4,44,201
2015,8,5,11,217
2015,9,1,22,22
2015,9,2,38,63
2015,9,4,18,145
2015,9,5,47,220
2015,10,3,18,90
2015,10,4,27,131
2015,10,4,44,148
2015,10,5,50,223
2018,1,1,15,15
2018,1,1,28,28
2018,1,2,8,52
2018,1,2,25,69
2018,1,3,6,80
2018,1,3,20,93
2018,1,4,11,113
2018,1,5,39,155
2018,1,5,50,166
2018,2,1,6,6
2018,2,1,13,13
2018,2,1,20,20
2018,2,1,41,41
2018,2,2,5,62
2018,2,3,7,72
2018,2,3,25,90
2018,2,3,46,111
2018,2,4,3,117
2018,2,4,18,132
2018,2,4,29,143
2018,2,4,52,166
2018,2,5,16,186
2018,2,5,30,200
2018,2,5,35,205
2018,3,1,14,14
2018,3,1,30,30
2018,3,2,8,46
2018,3,2,12,50
2018,3,2,31,69
2018,3,2,41,79
2018,3,3,6,93
2018,3,3,24,111
2018,3,3,33,120
2018,3,3,40,127
2018,3,4,3,136
2018,3,4,23,156
2018,3,5,16,175
2018,3,5,42,201
2018,3,5,71,230
2018,4,1,28,28
2018,4,1,38,38
2018,4,2,5,71
2018,4,3,0,82
2018,4,3,4,86
2018,4,3,16,98
2018,4,3,25,107
2018,4,4,5,128
2018,4,4,9,132
2018,4,4,22,145
2018,4,4,40,163
2018,4,5,6,190
2018,4,5,12,196
2018,4,5,26,210
2018,4,5,48,232
2018,5,1,17,17
2018,5,1,23,23
2018,5,1,29,29
2018,5,1,37,37
2018,5,2,3,50
2018,5,2,13,60
2018,5,2,23,70
2018,5,2,32,79
2018,5,2,43,90
2018,5,3,9,103
2018,5,3,14,108
2018,5,4,21,138
2018,5,5,11,166
2018,6,1,5,5
2018,6,1,9,10
2018,6,1,14,14
2018,6,1,20,20
2018,6,1,38,38
2018,6,1,42,42
2018,6,2,18,65
2018,6,2,27,74
2018,6,3,10,87
2018,6,3,17,94
2018,6,3,32,109
2018,6,3,50,127
2018,6,3,63,140
2018,6,4,6,156
2018,6,4,17,167
2018,6,5,2,178
2018,6,5,10,186
2018,7,1,2,2
2018,7,1,15,15
2018,7,1,48,48
2018,7,2,20,72
2018,7,2,34,86
2018,7,2,43,95
2018,7,3,5,117
2018,8,1,3,3
2018,8,1,12,12
2018,8,1,24,24
2018,8,1,42,42
2018,8,2,2,69
2018,8,2,11,78
2018,8,2,31,98
2018,8,3,2,126
2018,8,3,24,148
2018,8,4,6,164
2018,8,4,39,197
2018,8,5,16,224
2018,9,1,7,7
2018,9,1,19,19
2018,9,2,2,27
2018,9,2,20,45
2018,9,2,36,61
2018,9,3,7,74
2018,9,3,13,80
2018,9,3,35,102
2018,9,4,5,133
2018,9,4,19,147
2018,9,4,38,166
2018,9,5,3,177
2018,9,5,37,211
2018,9,5,69,243
2018,10,1,14,14
2018,10,1,20,20
2018,10,1,37,37
2018,10,2,8,48
2018,10,2,18,58
2018,10,3,8,80
2018,10,3,13,85
2018,10,4,10,115
2018,10,4,42,147
2018,10,5,5,179
2018,10,5,12,186
2018,10,5,24,198
2018,10,5,47,221
2021,1,2,25,69
2021,1,3,23,96
2021,1,5,54,169
2021,2,1,17,17
2021,2,3,29,93
2021,2,5,24,193
2021,2,5,32,201
2021,3,1,12,12
2021,3,5,21,179
2021,3,5,67,225
2021,4,1,12,13
2021,4,3,6,87
2021,4,3,36,118
2021,4,4,10,132
2021,4,4,39,161
2021,5,1,37,37
2021,5,2,33,79
2021,5,3,4,96
2021,5,3,17,109
2021,5,4,32,147
2021,5,5,11,164
2021,6,1,2,2
2021,6,1,37,37
2021,6,3,7,84
2021,6,4,21,171
2021,7,1,15,15
2021,7,2,19,71
2021,7,2,41,93
2021,7,3,19,131
2021,8,1,45,45
2021,8,2,21,88
2021,8,5,12,218
2021,9,1,5,5
2021,9,2,9,34
2021,9,3,57,124
2021,9,4,35,162
2021,9,5,38,211
2021,10,1,34,34
2021,10,3,21,93
2021,10,4,23,128
2024,1,2,7,51
2024,1,3,5,78
2024,1,3,10,83
2024,1,4,9,111
2024,1,5,49,165
2024,1,5,61,177
2024,1,5,75,191
2024,2,1,10,10
2024,2,1,12,12
2024,2,1,23,23
2024,2,1,42,42
2024,2,1,51,51
2024,2,3,20,85
2024,2,3,28,93
2024,2,3,32,97
2024,2,4,29,143
2024,2,4,43,157
2024,2,5,19,189
2024,2,5,33,203
2024,3,1,33,33
2024,3,2,10,48
2024,3,2,16,54
2024,3,2,35,73
2024,3,3,9,96
2024,3,3,28,115
2024,3,3,40,127
2024,3,4,9,143
2024,3,5,18,177
2024,3,5,22,181
2024,3,5,34,193
2024,3,5,66,225
2024,3,5,72,231
2024,4,1,14,14
2024,4,1,21,21
2024,4,1,29,29
2024,4,2,11,77
2024,4,3,6,88
2024,4,3,16,98
2024,4,3,25,107
2024,4,4,6,129
2024,4,4,24,147
2024,4,4,55,178
2024,4,5,13,197
2024,5,1,5,5
2024,5,1,23,23
2024,5,1,31,31
2024,5,2,0,46
2024,5,2,15,61
2024,5,2,24,70
2024,5,3,5,97
2024,5,3,15,107
2024,5,4,20,135
2024,5,4,22,137
2024,5,5,12,165
2024,6,1,8,8
2024,6,1,12,12
2024,6,1,21,21
2024,6,1,31,32
2024,6,2,17,64
2024,6,3,10,87
2024,6,3,19,96
2024,6,3,33,110
2024,6,4,10,160
2024,6,4,20,170
2024,7,1,8,8
2024,7,1,18,18
2024,7,2,25,77
2024,7,2,34,86
2024,7,2,43,95
2024,7,3,7,119
2024,7,3,28,140
2024,8,1,23,23
2024,8,1,52,52
2024,8,2,17,84
2024,8,2,42,109
2024,8,4,12,169
2024,8,5,14,220
2024,9,1,9,9
2024,9,1,19,19
2024,9,2,22,47
2024,9,2,33,58
2024,9,3,11,78
2024,9,3,39,106
2024,9,4,21,148
2024,9,5,18,191
2024,9,5,39,212
2024,9,5,51,224
2024,9,5,66,239
2024,10,2,13,53
2024,10,2,22,62
2024,10,3,23,95
2024,10,4,23,127
2024,10,4,44,148
2024,10,5,14,187
2024,10,5,51,224
2024,10,5,60,233
2027,1,1,35,36
2027,1,2,6,50
2027,1,4,10,112
2027,1,5,12,128
2027,2,3,12,76
2027,2,3,33,97
2027,2,4,29,142
2027,2,4,44,157
2027,2,5,16,185
2027,3,1,12,12
2027,3,1,29,29
2027,3,2,8,46
2027,3,3,5,92
2027,3,4,1,134
2027,3,5,8,167
2027,3,5,15,174
2027,3,5,24,183
2027,4,1,5,5
2027,4,1,15,15
2027,4,1,28,28
2027,4,3,4,86
2027,4,3,14,96
2027,4,4,4,127
2027,4,4,9,132
2027,4,4,55,178
2027,4,5,6,190
2027,4,5,13,197
2027,4,5,32,216
2027,5,1,2,2
2027,5,1,24,24
2027,5,1,36,36
2027,5,1,44,44
2027,5,2,12,59
2027,5,2,43,90
2027,5,3,5,98
2027,5,3,11,104
2027,5,3,18,111
2027,5,4,3,119
2027,6,1,3,3
2027,6,1,7,7
2027,6,1,36,36
2027,6,2,16,63
2027,6,2,19,66
2027,6,3,7,84
2027,6,3,18,95
2027,6,4,13,163
2027,6,4,18,168
2027,7,1,3,3
2027,7,1,19,19
2027,7,1,32,32
2027,7,1,40,40
2027,7,1,47,47
2027,7,2,29,81
2027,7,2,42,94
2027,7,2,55,107
2027,7,3,16,128
2027,7,3,27,139
2027,8,1,10,10
2027,8,1,33,33
2027,8,1,45,45
2027,8,2,16,83
2027,8,2,25,92
2027,8,3,5,129
2027,8,4,40,197
2027,8,5,17,223
2027,9,1,2,2
2027,9,1,22,22
2027,9,2,6,31
2027,9,2,30,55
2027,9,3,34,101
2027,9,4,9,136
2027,9,5,37,210
2027,9,5,54,227
2027,10,1,17,17
2027,10,1,22,22
2027,10,2,11,51
2027,10,2,23,63
2027,10,3,11,83
2027,10,4,8,112
2027,10,4,66,170
2027,10,5,6,179
2027,10,5,26,199
2030,1,1,33,33
2030,1,2,22,66
2030,1,2,27,71
2030,1,3,6,79
2030,1,4,12,114
2030,1,5,61,177
2030,1,5,73,189
2030,2,1,11,11
2030,2,1,21,21
2030,2,1,47,47
2030,2,2,5,62
2030,2,3,11,76
2030,2,3,24,89
2030,2,3,39,104
2030,2,4,4,118
2030,2,4,19,133
2030,2,5,15,185
2030,2,5,17,187
2030,2,5,32,202
2030,3,1,19,19
2030,3,1,29,29
2030,3,1,32,32
2030,3,2,6,44
2030,3,2,39,77
2030,3,3,8,95
2030,3,3,34,121
2030,3,3,40,127
2030,3,4,24,157
2030,3,5,17,176
2030,3,5,19,178
2030,3,5,33,192
2030,3,5,60,219
2030,3,5,70,229
2030,4,1,5,5
2030,4,1,8,8
2030,4,1,19,19
2030,4,1,27,27
2030,4,1,35,36
2030,4,1,42,42
2030,4,3,0,82
2030,4,3,20,102
2030,4,4,5,128
2030,4,4,12,136
2030,4,4,55,178
2030,4,5,2,186
2030,4,5,4,188
2030,5,1,13,13
2030,5,1,23,23
2030,5,1,29,29
2030,5,2,22,68
2030,5,2,35,81
2030,5,3,6,98
2030,5,3,15,107
2030,5,4,21,136
2030,6,1,3,3
2030,6,1,16,16
2030,6,1,34,34
2030,6,2,8,55
2030,6,2,17,64
2030,6,3,10,87
2030,6,3,17,94
2030,6,4,17,167
2030,7,1,11,11
2030,7,1,16,16
2030,7,1,37,37
2030,7,1,42,42
2030,7,2,22,75
2030,7,2,42,94
2030,7,2,57,109
2030,7,3,26,138
2030,8,1,25,25
2030,8,1,43,43
2030,8,2,31,98
2030,8,4,31,188
2030,8,5,16,222
2030,9,1,6,6
2030,9,2,5,30
2030,9,2,30,55
2030,9,3,16,83
2030,9,3,31,98
2030,9,5,38,211
2030,10,2,7,47
2030,10,2,11,51
2030,10,5,8,181
2030,10,5,52,225
2034,1,3,10,83
2034,2,2,4,61
2034,2,3,28,92
2034,2,5,15,184
2034,3,1,14,14
2034,3,1,19,19
2034,3,1,34,34
2034,3,3,18,105
2034,3,3,31,118
2034,3,3,43,130
2034,3,4,8,141
2034,3,5,7,166
2034,4,1,13,13
2034,4,3,21,102
2034,4,3,32,113
2034,4,4,8,130
2034,4,4,46,168
2034,5,1,20,20
2034,5,1,26,26
2034,6,1,7,7
2034,6,1,16,16
2034,6,3,11,89
2034,7,1,24,24
2034,7,1,42,42
2034,7,2,30,82
2034,7,2,43,95
2034,7,3,3,115
2034,7,3,28,140
2034,8,2,8,75
2034,8,2,20,87
2034,8,4,27,184
2034,8,5,4,210
2034,9,4,22,149
2034,9,5,34,207
2034,10,1,12,12
2034,10,1,37,37
2034,10,2,26,66
2034,10,3,28,100
2034,10,4,45,149
2038,1,4,2,104
2038,1,5,7,123
2038,1,5,60,176
2038,2,1,7,7
2038,2,2,4,60
2038,2,3,21,85
2038,2,4,11,124
2038,2,5,19,188
2038,3,1,15,15
2038,3,3,19,105
2038,3,4,5,137
2038,3,5,17,175
2038,3,5,42,200
2038,3,5,70,228
2038,4,1,6,6
2038,4,1,21,21
2038,4,3,7,89
2038,4,4,17,140
2038,4,4,24,148
2038,4,4,44,167
2038,4,4,55,179
2038,4,5,5,189
2038,4,5,21,205
2038,5,2,42,89
2038,5,3,20,113
2038,6,1,4,4
2038,6,1,8,8
2038,6,1,10,10
2038,6,1,15,15
2038,6,3,10,87
2038,6,3,18,96
2038,6,3,44,121
2038,6,4,3,153
2038,6,5,0,176
2038,6,5,3,179
2038,7,1,19,19
2038,7,1,19,19
2038,7,1,29,29
2038,7,1,37,37
2038,7,2,33,85
2038,7,2,44,96
2038,7,3,20,132
2038,7,3,32,144
2038,7,3,37,149
2038,8,2,3,70
2038,8,2,19,86
2038,8,2,27,94
2038,8,4,16,174
2038,8,4,25,183
2038,8,4,45,203
2038,8,5,25,233
2038,9,2,1,27
2038,9,2,5,31
2038,9,2,32,58
2038,9,3,31,99
2038,9,4,24,152
2038,9,4,31,159
2038,10,1,32,32
2038,10,2,16,56
2038,10,2,26,66
2038,10,3,28,100
2038,10,4,3,107
2038,10,5,12,185
2038,10,5,49,222
2040,1,1,7,7
2040,1,1,16,16
2040,1,1,31,31
2040,1,2,15,59
2040,1,3,6,79
2040,1,4,8,110
2040,1,5,23,139
2040,1,5,73,189
2040,2,1,10,10
2040,2,1,18,18
2040,2,2,3,59
2040,2,3,14,78
2040,2,3,44,108
2040,2,4,1,114
2040,2,5,16,185
2040,3,1,6,6
2040,3,1,19,19
2040,3,1,30,30
2040,3,2,18,56
2040,3,2,36,75
2040,3,3,9,96
2040,3,3,40,127
2040,3,4,4,137
2040,3,4,18,151
2040,3,5,35,194
2040,4,1,9,9
2040,4,1,28,28
2040,4,1,58,58
2040,4,3,0,82
2040,4,3,6,88
2040,4,4,6,129
2040,4,4,55,178
2040,4,5,18,202
2040,5,1,34,35
2040,5,2,14,61
2040,5,3,5,98
2040,5,3,12,105
2040,5,4,36,152
2040,6,1,1,1
2040,6,1,10,10
2040,6,1,28,28
2040,6,2,6,53
2040,6,3,19,96
2040,6,4,18,168
2040,7,1,16,16
2040,7,1,24,24
2040,7,2,5,57
2040,7,2,38,90
2040,8,2,4,71
2040,9,1,21,21
2040,9,2,30,55
2040,9,3,11,78
2040,9,4,11,138
2040,9,5,27,200
2040,9,5,66,239
2040,10,1,28,28
2040,10,3,21,93
2040,10,4,19,123
3004,1,1,46,46
3004,1,1,57,57
3004,1,2,10,78
3004,1,2,55,123
3004,1,3,3,128
3004,1,4,47,206
3004,1,5,25,233
3004,2,1,9,9
3004,2,2,22,62
3004,2,3,10,83
3004,2,4,26,130
3004,2,4,54,158
3004,2,4,65,169
3004,2,5,54,227
3004,3,1,1,1
3004,3,1,8,8
3004,3,1,13,13
3004,3,1,17,17
3004,3,1,30,30
3004,3,3,11,88
3004,3,3,25,102
3004,3,5,17,193
3004,4,1,7,7
3004,4,2,39,64
3004,4,3,39,106
3004,4,4,3,130
3004,4,4,22,149
3004,4,5,40,213
3004,5,2,14,57
3004,5,2,23,66
3004,5,3,12,84
3004,5,4,5,106
3004,5,5,40,154
3004,6,1,22,22
3004,6,4,12,143
3004,6,5,18,175
3004,7,1,20,20
3004,8,2,25,71
3004,8,4,25,140
3004,10,1,29,29
3007,2,1,20,20
3007,2,4,23,127
3007,2,5,13,186
3007,3,3,18,95
3007,4,2,23,48
3007,4,5,34,207
3007,5,1,13,13
3007,5,3,23,94
3007,6,2,33,71
3007,6,3,34,121
3007,6,5,18,177
3007,6,5,70,229
3007,7,1,19,19
3007,7,2,13,65
3007,7,2,57,109
3007,8,1,28,28
3007,8,3,19,111
3007,9,3,24,88
3007,9,5,33,202
3007,10,1,24,24
3007,10,1,45,45
3007,10,3,16,97
3010,1,1,45,45
3010,1,2,27,95
3010,1,4,13,171
3010,2,1,19,19
3010,2,1,28,28
3010,2,2,19,59
3010,2,2,28,68
3010,2,3,15,87
3010,2,3,26,98
3010,2,4,4,109
3010,2,4,21,126
3010,2,5,18,192
3010,2,5,25,199
3010,2,5,32,206
3010,2,5,33,207
3010,2,5,41,215
3010,2,5,58,232
3010,3,1,3,3
3010,3,1,13,13
3010,3,1,18,18
3010,3,1,36,36
3010,3,2,18,66
3010,3,3,8,86
3010,3,3,18,96
3010,3,3,39,117
3010,3,3,63,141
3010,3,4,12,163
3010,3,4,17,168
3010,4,1,4,4
3010,4,1,17,17
3010,4,2,5,30
3010,4,2,16,41
3010,4,2,36,61
3010,4,3,7,74
3010,4,3,24,91
3010,4,3,54,121
3010,4,4,22,150
3010,4,4,40,168
3010,4,5,10,184
3010,4,5,29,203
3010,4,5,38,212
3010,4,5,70,244
3010,5,1,14,14
3010,5,1,22,22
3010,5,1,26,26
3010,5,2,5,48
3010,5,3,3,74
3010,5,3,6,77
3010,5,3,9,80
3010,5,3,14,85
3010,5,3,17,88
3010,5,4,1,102
3010,5,5,49,164
3010,5,5,72,187
3010,6,1,1,1
3010,6,2,9,46
3010,6,2,45,82
3010,6,3,5,91
3010,6,3,13,99
3010,6,3,27,113
3010,6,4,2,134
3010,6,4,24,156
3010,6,5,15,173
3010,6,5,17,175
3010,6,5,28,186
3010,6,5,35,193
3010,6,5,46,204
3010,6,5,54,213
3010,6,5,70,228
3010,7,1,18,18
3010,7,1,24,24
3010,7,1,43,43
3010,7,1,48,48
3010,7,2,14,66
3010,7,2,26,78
3010,7,2,32,84
3010,7,2,42,94
3010,7,3,9,121
3010,7,3,19,131
3010,7,3,22,134
3010,7,3,37,149
3010,8,1,9,9
3010,8,1,18,18
3010,8,1,35,35
3010,8,2,3,50
3010,8,2,22,69
3010,8,2,34,81
3010,8,3,4,97
3010,8,3,14,107
3010,8,4,15,131
3010,8,4,21,137
3010,8,5,7,161
3010,9,1,4,4
3010,9,1,26,26
3010,9,1,32,32
3010,9,2,2,59
3010,9,3,11,76
3010,9,3,20,85
3010,9,3,31,96
3010,9,4,3,117
3010,9,4,22,136
3010,9,4,39,154
3010,9,5,12,182
3010,9,5,17,187
3010,9,5,20,190
3010,9,5,21,191
3010,9,5,32,202
3010,10,1,6,6
3010,10,1,9,9
3010,10,1,16,16
3010,10,1,29,29
3010,10,1,42,42
3010,10,2,8,74
3010,10,2,15,81
3010,10,3,3,85
3010,10,3,8,90
3010,10,3,20,102
3010,10,3,33,115
3010,10,4,9,132
3010,10,4,12,135
3010,10,4,18,141
3010,10,4,31,154
3010,10,4,52,175
3013,1,1,32,32
3013,1,1,46,46
3013,1,1,55,55
3013,1,2,42,110
3013,1,4,18,176
3013,2,1,20,20
3013,2,2,14,54
3013,2,3,19,91
3013,2,4,23,127
3013,2,5,20,193
3013,2,5,53,226
3013,3,1,29,29
3013,3,1,39,39
3013,3,3,25,102
3013,3,4,20,170
3013,4,1,6,7
3013,4,2,9,36
3013,4,2,31,59
3013,4,3,35,104
3013,4,4,20,149
3013,4,4,37,166
3013,4,5,8,183
3013,4,5,42,217
3013,5,1,9,9
3013,5,2,22,65
3013,5,3,8,79
3013,5,4,12,112
3013,5,5,35,149
3013,6,2,25,62
3013,6,3,36,122
3013,6,5,17,175
3013,6,5,67,225
3013,7,1,23,23
3013,7,1,48,48
3013,7,2,14,67
3013,7,3,29,142
3013,8,1,34,34
3013,8,1,43,44
3013,8,2,41,87
3013,8,4,23,138
3013,9,1,25,25
3013,9,3,19,83
3013,9,3,43,107
3013,9,5,21,190
3013,9,5,34,203
3013,10,1,15,15
3013,10,1,29,29
3013,10,3,14,96
3013,10,4,22,145
3013,10,5,20,204
3016,2,1,20,20
3016,2,1,31,31
3016,2,1,37,37
3016,2,2,17,57
3016,2,2,20,61
3016,2,2,25,65
3016,2,2,28,68
3016,2,3,5,79
3016,2,3,9,82
3016,2,3,15,88
3016,2,3,21,94
3016,2,3,29,102
3016,2,4,43,149
3016,2,4,48,154
3016,2,4,57,163
3016,2,4,61,167
3016,2,5,8,183
3016,2,5,12,187
3016,2,5,15,190
3016,2,5,19,194
3016,2,5,24,199
3016,2,5,29,204
3016,2,5,37,212
3016,2,5,42,217
3016,2,5,48,223
3016,2,5,56,231
3016,3,1,14,14
3016,3,1,18,18
3016,3,1,21,21
3016,3,1,23,23
3016,3,1,41,41
3016,3,2,12,59
3016,3,2,24,71
3016,3,3,13,90
3016,3,3,20,97
3016,3,3,32,109
3016,3,3,39,116
3016,3,3,52,129
3016,3,3,69,146
3016,3,4,4,154
3016,3,4,11,161
3016,3,4,22,172
3016,3,5,10,187
3016,3,5,17,194
3016,3,5,21,198
3016,3,5,26,203
3016,4,2,0,25
3016,4,2,6,31
3016,4,2,22,47
3016,4,2,31,56
3016,4,2,38,63
3016,4,3,8,75
3016,4,3,24,91
3016,4,3,46,113
3016,4,4,13,141
3016,4,4,28,156
3016,4,4,32,161
3016,4,4,40,168
3016,4,5,5,179
3016,4,5,26,200
3016,4,5,38,212
3016,4,5,52,226
3016,4,5,67,241
3016,5,1,9,9
3016,5,1,18,18
3016,5,1,25,25
3016,5,1,34,34
3016,5,2,5,49
3016,5,2,9,53
3016,5,2,14,58
3016,5,2,22,66
3016,5,3,8,81
3016,5,3,14,87
3016,5,3,19,92
3016,5,4,0,102
3016,5,4,9,111
3016,5,5,13,129
3016,5,5,28,144
3016,5,5,46,162
3016,5,5,70,186
3016,6,2,18,55
3016,6,2,25,62
3016,6,2,28,65
3016,6,2,35,72
3016,6,3,7,93
3016,6,3,18,104
3016,6,3,36,122
3016,6,3,43,129
3016,6,4,18,150
3016,6,5,11,169
3016,6,5,14,172
3016,6,5,18,176
3016,6,5,24,182
3016,6,5,30,188
3016,6,5,35,193
3016,6,5,45,203
3016,6,5,62,220
3016,6,5,71,229
3016,7,1,25,25
3016,7,2,11,63
3016,7,2,14,66
3016,7,2,16,68
3016,7,2,17,69
3016,7,2,22,74
3016,7,2,25,77
3016,7,2,27,79
3016,7,2,33,85
3016,7,2,34,86
3016,7,2,37,89
3016,7,2,44,96
3016,7,2,49,101
3016,7,2,56,108
3016,7,3,5,118
3016,7,3,10,123
3016,7,3,17,130
3016,7,3,23,136
3016,7,3,27,140
3016,7,3,33,146
3016,7,3,40,153
3016,8,1,20,20
3016,8,1,33,33
3016,8,1,42,42
3016,8,2,6,52
3016,8,2,19,65
3016,8,2,28,74
3016,8,2,34,80
3016,8,2,40,86
3016,8,2,44,90
3016,8,3,8,101
3016,8,4,12,128
3016,8,4,20,136
3016,8,4,32,148
3016,8,5,6,160
3016,8,5,9,163
3016,9,1,9,9
3016,9,1,12,12
3016,9,1,15,15
3016,9,1,20,20
3016,9,1,25,26
3016,9,1,33,33
3016,9,1,40,40
3016,9,1,47,47
3016,9,3,11,76
3016,9,3,16,81
3016,9,3,21,86
3016,9,3,26,91
3016,9,3,35,100
3016,9,3,46,111
3016,9,4,5,119
3016,9,4,12,126
3016,9,4,19,133
3016,9,4,27,141
3016,9,4,31,146
3016,9,4,44,158
3016,9,4,52,166
3016,9,5,7,178
3016,9,5,17,188
3016,9,5,25,196
3016,10,1,12,12
3016,10,1,21,21
3016,10,1,27,27
3016,10,1,35,35
3016,10,1,45,46
3016,10,1,57,57
3016,10,3,6,88
3016,10,3,12,94
3016,10,3,19,101
3016,10,3,26,108
3016,10,3,34,116
3016,10,4,6,129
3016,10,4,14,137
3016,10,4,22,145
3016,10,4,31,154
3016,10,4,37,160
3016,10,4,45,168
3016,10,4,57,180
3016,10,5,7,192
3016,10,5,11,196
3016,10,5,19,204
3016,10,5,25,210
3016,10,5,41,226
3016,10,5,48,233
3019,1,1,53,53
3019,1,2,32,100
3019,1,3,19,143
3019,1,5,18,225
3019,2,1,21,21
3019,2,2,17,57
3019,2,3,20,92
3019,2,5,1,173
3019,3,1,4,4
3019,3,3,17,94
3019,3,3,58,135
3019,3,4,19,169
3019,4,1,9,9
3019,4,2,17,43
3019,4,3,42,110
3019,4,5,8,182
3019,4,5,39,213
3019,5,1,5,5
3019,5,2,2,45
3019,5,3,9,80
3019,6,1,4,4
3019,6,2,7,45
3019,6,3,43,130
3019,6,5,16,176
3019,6,5,70,229
3019,7,1,5,5
3019,7,1,21,21
3019,7,1,39,39
3019,7,2,34,86
3019,7,2,44,96
3019,8,1,35,35
3019,8,2,37,83
3019,8,3,5,97
3019,8,4,4,119
3019,9,1,43,44
3019,9,2,4,60
3019,9,3,6,70
3019,9,5,6,175
3019,10,1,14,14
3019,10,1,19,19
3019,10,3,0,81
3019,10,3,5,86
3019,10,3,24,105
3022,1,1,40,40
3022,1,1,56,56
3022,1,3,0,124
3022,1,4,20,178
3022,2,1,9,9
3022,2,2,10,50
3022,2,2,26,66
3022,2,3,7,79
3022,2,3,22,94
3022,2,4,11,116
3022,2,4,25,130
3022,2,4,44,149
3022,2,5,12,186
3022,2,5,40,215
3022,3,1,29,29
3022,3,1,40,40
3022,3,2,10,57
3022,3,2,16,63
3022,3,3,12,89
3022,3,3,18,95
3022,3,3,58,135
3022,3,4,20,170
3022,3,5,14,190
3022,4,1,7,7
3022,4,2,9,34
3022,4,2,16,41
3022,4,3,21,88
3022,4,4,6,134
3022,4,4,24,151
3022,4,4,43,170
3022,4,5,8,181
3022,4,5,17,190
3022,5,1,9,9
3022,5,2,5,49
3022,5,3,8,81
3022,5,4,9,111
3022,5,5,58,174
3022,5,5,71,187
3022,6,1,9,9
3022,6,2,7,44
3022,6,3,16,102
3022,6,4,2,134
3022,6,5,17,175
3022,6,5,30,188
3022,6,5,48,206
3022,6,5,71,229
3022,7,1,21,21
3022,7,2,3,55
3022,7,2,11,63
3022,7,2,40,92
3022,8,1,11,11
3022,8,1,31,31
3022,8,2,15,61
3022,8,3,17,109
3022,8,4,6,121
3022,8,5,6,159
3022,9,1,8,8
3022,9,1,27,27
3022,9,3,11,75
3022,9,3,43,107
3022,9,4,38,151
3022,9,5,8,177
3022,9,5,30,199
3022,10,1,10,10
3022,10,3,1,82
3022,10,3,5,86
3022,10,3,20,101
3022,10,3,34,115
3022,10,4,20,142
3025,1,4,39,197
3025,2,2,19,59
3025,2,3,29,101
3025,2,4,43,147
3025,2,5,26,199
3025,3,1,6,6
3025,3,1,12,13
3025,3,1,33,33
3025,3,2,6,53
3025,3,2,8,55
3025,3,2,16,63
3025,3,2,22,69
3025,3,3,11,89
3025,3,3,18,96
3025,3,3,23,101
3025,3,3,39,117
3025,3,3,50,128
3025,3,3,63,141
3025,3,4,9,161
3025,3,5,16,193
3025,4,1,6,6
3025,4,1,17,17
3025,4,2,4,29
3025,4,2,17,42
3025,4,3,11,78
3025,4,3,19,86
3025,4,3,31,98
3025,4,4,24,152
3025,4,4,30,158
3025,4,5,15,189
3025,4,5,68,242
3025,5,1,17,17
3025,5,3,3,74
3025,5,3,7,78
3025,5,3,13,84
3025,5,5,0,113
3025,6,1,6,6
3025,6,4,4,135
3025,6,5,10,167
3025,6,5,18,175
3025,6,5,25,182
3025,6,5,48,205
3025,6,5,70,227
3025,7,1,25,25
3025,7,2,24,76
3025,7,2,42,94
3025,7,2,43,95
3025,7,3,15,127
3025,7,3,29,141
3025,7,3,33,145
3025,8,1,38,38
3025,8,2,27,73
3025,8,4,23,138
3025,8,5,4,157
3025,8,5,11,164
3025,9,1,8,8
3025,9,1,23,23
3025,9,1,28,28
3025,9,1,38,38
3025,9,1,43,43
3025,9,2,3,60
3025,9,3,19,84
3025,9,3,39,104
3025,9,3,43,108
3025,10,1,6,6
3025,10,1,13,13
3025,10,3,6,88
3025,10,3,21,103
3025,10,3,36,118
3025,10,5,47,231
3028,2,1,14,14
3028,2,1,19,19
3028,2,2,16,56
3028,2,2,19,59
3028,2,3,20,92
3028,2,3,23,95
3028,2,4,22,127
3028,2,4,23,128
3028,2,4,34,139
3028,2,4,46,151
3028,2,5,14,188
3028,2,5,25,199
3028,2,5,27,201
3028,2,5,39,213
3028,3,1,3,3
3028,3,1,4,4
3028,3,1,4,4
3028,3,3,11,88
3028,3,3,12,89
3028,3,3,23,100
3028,3,3,39,116
3028,3,3,58,135
3028,3,4,24,174
3028,3,5,11,187
3028,4,2,17,42
3028,4,2,20,45
3028,4,4,24,151
3028,4,4,25,152
3028,4,4,26,153
3028,4,5,9,182
3028,4,5,11,184
3028,4,5,41,214
3028,6,3,35,121
3028,6,3,36,122
3028,6,3,38,125
3028,6,5,15,173
3028,6,5,16,174
3028,6,5,17,175
3028,6,5,18,176
3028,6,5,24,182
3028,6,5,25,183
3028,6,5,52,210
3028,6,5,66,224
3028,7,1,19,19
3028,7,1,21,21
3028,7,1,23,23
3028,7,2,23,75
3028,7,2,30,82
3028,7,3,31,143
3028,7,3,32,144
3028,7,3,33,145
3028,7,3,35,147
3028,8,1,31,31
3028,8,1,33,33
3028,9,2,4,61
3028,9,2,5,62
3028,9,3,11,76
3028,9,3,19,84
3028,9,3,20,85
3028,9,5,24,194
3028,10,3,9,90
3028,10,3,11,92
3028,10,5,17,200
3028,10,5,18,201
3028,10,5,23,206
3031,1,3,5,129
3031,2,1,12,12
3031,2,2,19,59
3031,2,3,21,93
3031,2,4,11,115
3031,3,1,6,6
3031,3,2,15,62
3031,3,3,29,106
3031,3,4,22,172
3031,4,1,9,10
3031,4,1,21,21
3031,4,2,16,41
3031,4,3,20,87
3031,4,4,26,153
3031,4,5,12,185
3031,4,5,44,217
3031,5,1,15,15
3031,5,3,18,89
3031,5,5,45,158
3031,6,1,34,35
3031,6,2,20,58
3031,6,3,40,127
3031,6,4,21,154
3031,6,5,8,167
3031,6,5,72,231
3031,7,1,21,21
3031,7,2,42,95
3031,8,1,34,34
3031,8,2,41,88
3031,8,5,0,153
3031,9,1,7,7
3031,9,2,5,61
3031,9,3,20,84
3031,9,5,21,190
3031,10,1,22,22
3031,10,3,0,81
3031,10,3,10,91
3031,10,4,13,135
3037,1,1,33,33
3037,1,1,45,45
3037,1,1,51,51
3037,1,1,59,59
3037,1,2,43,111
3037,1,5,12,220
3037,2,1,22,22
3037,2,1,34,34
3037,2,3,29,101
3037,2,5,19,192
3037,2,5,26,199
3037,3,1,11,11
3037,3,1,20,20
3037,3,2,15,62
3037,3,3,13,90
3037,3,3,18,95
3037,4,1,7,7
3037,4,2,36,61
3037,4,5,9,182
3037,4,5,39,212
3037,5,1,16,16
3037,5,3,14,85
3037,6,3,43,130
3037,6,5,17,176
3037,6,5,41,200
3037,7,1,19,19
3037,7,2,11,63
3037,7,2,27,79
3037,8,1,41,41
3037,9,2,5,61
3037,9,3,46,110
3037,9,5,34,203
3037,10,3,32,113
3041,1,1,46,46
3041,1,1,60,60
3041,2,1,10,10
3041,2,1,20,20
3041,2,2,20,61
3041,2,3,15,88
3041,2,4,22,128
3041,2,4,43,149
3041,2,5,15,190
3041,2,5,34,209
3041,3,1,11,11
3041,3,1,39,39
3041,3,3,0,77
3041,3,3,24,101
3041,3,4,13,163
3041,4,1,5,5
3041,4,2,19,44
3041,4,2,30,55
3041,4,3,41,108
3041,4,4,33,160
3041,4,5,6,179
3041,4,5,39,212
3041,4,5,71,244
3041,5,1,10,10
3041,5,1,41,41
3041,6,1,32,32
3041,6,3,14,101
3041,6,3,40,127
3041,7,1,16,16
3041,7,2,43,96
3041,7,3,33,146
3041,8,1,27,27
3041,8,2,36,82
3041,8,3,5,97
3041,8,3,21,113
3041,8,5,12,164
3041,9,1,6,6
3041,9,1,24,24
3041,9,1,45,45
3041,10,1,9,9
3041,10,3,10,91
3041,10,5,42,225