subject,run,scene,TR (scene),TR (run),sec (scene)
1001,1,2,36,62,43.72490365
1001,1,4,20,148,24.78546572
1001,1,5,67,241,80.92536071
1001,2,1,24,24,29.45971882
1001,2,3,18,110,22.74636531
1001,2,4,36,151,43.72635558
1001,2,5,11,164,13.39827283
1001,3,1,37,37,44.68339623
1001,3,3,5,86,6.730229812
1001,3,4,6,128,7.233444291
1001,3,4,32,154,38.59592367
1001,4,2,11,51,13.49366348
1001,4,3,18,90,21.65983993
1001,4,4,43,147,52.77786088
1001,4,5,12,185,15.28036803
1001,5,1,25,25,30.46125828
1001,5,2,7,74,9.558340291
1001,5,4,11,168,13.81994631
1001,5,5,15,221,19.03506082
1001,6,1,8,8,10.60663266
1001,6,2,4,60,4.978363001
1001,6,3,21,85,25.61530175
1001,6,4,48,161,58.10922174
1001,6,5,24,193,28.88232888
1001,7,1,5,5,6.145257217
1001,7,1,15,15,18.16071949
1001,7,2,22,74,27.50381504
1001,7,2,43,95,52.22972447
1001,7,3,28,140,33.71258188
1001,8,1,29,29,35.08774885
1001,8,2,34,72,41.42759758
1001,8,3,21,108,26.11779455
1001,8,5,15,174,18.07179771
1001,8,5,70,229,85.05578987
1001,9,1,16,16,19.28117573
1001,9,2,15,62,19.02791576
1001,9,3,16,93,20.32119067
1001,9,4,17,167,21.36757726
1001,10,1,8,8,10.5606793
1001,10,3,2,73,2.891017583
1001,10,4,12,112,14.44512012
1001,10,5,36,149,44.14325803
1005,1,1,22,22,26.75043545
1005,2,1,20,20,24.70411399
1005,2,2,34,80,41.71650526
1005,2,5,4,156,5.643767985
1005,3,1,8,8,10.5270753
1005,3,2,13,78,15.98803498
1005,3,3,4,85,5.769150914
1005,3,3,39,120,47.01857181
1005,3,4,9,131,11.11085176
1005,3,4,58,180,69.62719844
1005,3,5,40,223,48.97849257
1005,4,2,16,56,20.03327612
1005,4,2,22,62,27.45959616
1005,4,3,20,92,24.40730462
1005,5,1,38,38,46.30554588
1005,5,1,49,49,58.85784299
1005,5,4,7,164,8.518358513
1005,5,5,7,213,8.692854374
1005,5,5,16,222,19.82652382
1005,6,1,11,11,14.19437764
1005,6,2,4,60,5.059298927
1005,6,4,39,152,47.43267949
1005,6,5,33,202,40.30552666
1005,7,1,5,5,6.270960089
1005,7,1,30,30,36.58879554
1005,7,2,15,67,18.06941892
1005,7,2,23,75,28.3359389
1005,7,2,45,97,54.31812994
1005,7,3,32,144,39.29924307
1005,8,3,35,122,42.52093598
1005,8,4,7,140,8.69546352
1005,8,5,30,189,37.05799046
1005,8,5,50,209,60.75264426
1005,9,1,4,4,5.186698962
1005,9,3,10,87,12.36090116
1005,10,1,7,7,8.438360227
1005,10,3,0,71,0.46986399
1005,10,4,11,111,13.44234657
1005,10,5,32,146,38.76047602
1008,1,2,13,38,15.77962154
1008,1,2,22,47,26.99984084
1008,1,5,38,211,46.39060325
1008,1,5,64,237,76.92153198
1008,2,1,23,23,27.96028744
1008,2,3,4,96,5.188057397
1008,3,1,28,28,33.79717123
1008,3,2,6,71,7.557314282
1008,3,3,4,85,5.728919748
1008,3,4,7,129,8.441913781
1008,3,4,57,179,68.50084629
1008,4,2,24,64,29.25114642
1008,4,3,13,85,15.78005979
1008,4,4,23,127,28.41684497
1008,5,1,47,47,57.35876515
1008,5,2,22,89,26.87598404
1008,5,4,15,172,18.699779
1008,6,1,44,44,52.85828014
1008,6,3,45,109,54.4822973
1008,7,1,9,9,11.48455736
1008,7,1,20,20,24.45627961
1008,7,2,12,64,14.89900275
1008,7,2,43,95,52.64971301
1008,7,3,38,150,46.69195399
1008,8,3,40,126,48.4802812
1008,8,5,18,176,21.82835006
1008,9,1,18,18,22.16223097
1008,9,3,17,94,21.37027267
1008,10,5,17,130,20.91055954
1008,10,5,36,149,44.17999639
1011,1,1,18,18,22.16444325
1011,1,2,26,52,31.37844957
1011,1,2,31,57,37.76267233
1011,1,2,38,64,45.7685076
1011,1,3,8,76,9.726645016
1011,1,3,25,93,30.2904523
1011,1,3,28,96,34.59026583
1011,1,3,48,116,57.7372922
1011,1,4,8,137,10.72970085
1011,1,4,29,158,35.54981897
1011,1,5,10,185,12.15608655
1011,1,5,59,234,71.83796787
1011,2,1,5,5,6.368105962
1011,2,1,8,8,10.57257475
1011,2,1,18,18,21.960962
1011,2,2,4,51,5.192042051
1011,2,2,26,73,31.38763337
1011,2,3,2,95,2.815565395
1011,2,3,7,100,8.406508778
1011,2,3,12,105,14.91282973
1011,2,3,14,107,17.6194981
1011,2,3,19,113,23.99501355
1011,2,4,13,129,15.61583825
1011,2,4,23,139,28.2603181
1011,2,5,2,156,3.191354868
1011,3,1,5,5,6.565762344
1011,3,1,11,11,13.32811811
1011,3,1,28,28,34.71248987
1011,3,2,4,70,4.904843204
1011,3,2,8,74,10.56375033
1011,3,3,7,89,8.452310446
1011,3,3,37,119,44.7343308
1011,3,4,8,131,9.901907343
1011,3,4,33,156,39.60596663
1011,3,4,59,182,71.29457912
1011,3,5,5,189,7.154377622
1011,3,5,29,213,35.0986021
1011,4,1,4,4,5.072724374
1011,4,1,8,8,10.45024931
1011,4,1,16,16,19.66716292
1011,4,1,26,26,32.09349158
1011,4,1,34,34,41.47762241
1011,4,2,2,43,3.236219667
1011,4,2,11,52,13.23865243
1011,4,2,21,62,25.41195159
1011,4,3,28,102,34.47110607
1011,4,4,3,109,4.480240299
1011,4,4,10,116,12.07981573
1011,4,4,21,127,25.45920399
1011,4,4,43,149,52.53070042
1011,4,5,9,184,11.78508163
1011,4,5,40,215,48.19479913
1011,5,1,3,3,4.397352446
1011,5,1,16,16,19.4894689
1011,5,1,58,58,70.71462378
1011,5,2,12,79,15.24868125
1011,5,2,24,91,29.13503257
1011,5,2,53,120,64.12549364
1011,5,3,2,126,2.477650332
1011,5,4,10,168,12.03113536
1011,5,4,44,202,53.5713768
1011,5,5,16,224,19.70691289
1011,5,5,27,235,33.05484554
1011,6,1,5,5,6.779092775
1011,6,1,24,24,29.72603651
1011,6,2,3,60,4.571094316
1011,6,3,3,68,4.69321923
1011,6,3,22,87,26.41568344
1011,6,3,43,108,52.12089951
1011,6,4,24,138,29.24940695
1011,6,5,25,195,30.0907798
1011,6,5,31,201,37.73528286
1011,7,1,3,3,4.737405872
1011,7,1,4,4,5.942958735
1011,7,1,17,17,20.5004602
1011,7,1,19,19,23.79631919
1011,7,1,44,44,53.03407822
1011,7,1,50,50,60.33120977
1011,7,2,11,64,14.36949798
1011,7,2,26,78,31.80832652
1011,7,2,43,95,52.07421191
1011,7,3,8,120,9.726212639
1011,7,3,19,131,23.37226012
1011,7,3,29,141,35.50551604
1011,8,1,7,7,8.991008821
1011,8,1,16,16,19.20649564
1011,8,1,23,23,28.38453096
1011,8,1,30,30,37.05814292
1011,8,2,19,57,23.4612463
1011,8,2,42,80,50.40089396
1011,8,3,39,126,47.15277693
1011,8,4,9,142,11.6578818
1011,8,4,14,147,17.21222633
1011,8,5,12,171,14.78857616
1011,8,5,37,196,45.27308731
1011,8,5,62,221,75.13972258
1011,8,5,71,230,86.35879508
1011,9,1,2,2,3.110756879
1011,9,1,10,10,12.0318084
1011,9,1,14,14,17.40803036
1011,9,1,20,20,24.25556376
1011,9,1,31,31,37.42488523
1011,9,1,41,41,49.53379611
1011,9,2,1,48,1.762832645
1011,9,2,3,50,4.647544876
1011,9,2,18,65,22.5374791
1011,9,3,18,95,21.88032187
1011,9,4,17,167,21.21458924
1011,9,5,13,189,16.28519309
1011,10,1,4,4,5.89130735
1011,10,1,18,18,22.17199826
1011,10,1,19,19,23.83340181
1011,10,1,36,36,43.27135852
1011,10,2,18,62,22.79324866
1011,10,2,22,65,26.91878371
1011,10,2,25,68,30.21594183
1011,10,3,2,74,2.685314548
1011,10,3,5,77,6.155361701
1011,10,3,6,78,7.529321405
1011,10,3,17,89,20.95903391
1011,10,5,23,137,27.63573422
1011,10,5,33,147,40.51650327
1014,1,5,11,185,13.61678292
1014,1,5,66,240,80.09822581
1014,2,2,23,69,27.80401323
1014,2,2,35,81,43.1507617
1014,2,3,19,111,23.95839437
1014,2,5,11,163,13.37159915
1014,3,3,0,81,0.279763298
1014,3,3,7,88,8.815385014
1014,3,4,15,137,18.00080809
1014,3,4,28,150,34.18298909
1014,3,4,56,178,67.20500552
1014,4,2,11,51,13.36829724
1014,4,2,23,63,28.67387722
1014,4,4,44,149,52.98810121
1014,4,5,9,183,10.99394757
1014,4,5,27,201,33.42305509
1014,4,5,28,202,33.92658613
1014,5,1,37,37,45.0632691
1014,5,1,66,66,79.22216952
1014,5,2,11,78,13.90862531
1014,5,2,42,109,51.36359257
1014,5,4,42,199,50.48958924
1014,5,5,6,212,8.070733305
1014,6,1,12,12,15.37109921
1014,6,1,50,50,60.83301266
1014,6,3,24,88,29.38671985
1014,6,4,30,143,36.46992367
1014,6,5,16,185,19.66397489
1014,7,1,19,19,23.91882017
1014,7,1,31,31,38.09528067
1014,7,2,13,65,16.08338719
1014,7,2,23,75,28.67588285
1014,8,1,24,24,29.29575137
1014,8,2,32,69,39.4377204
1014,8,3,43,129,52.65585179
1014,8,5,6,164,8.02862316
1014,8,5,68,226,82.31168579
1014,9,1,13,13,16.24915522
1014,9,2,22,69,27.00294502
1014,9,3,11,88,13.37383453
1014,9,5,10,186,12.66269322
1014,10,1,40,40,48.40859267
1014,10,4,9,109,11.82278539
1014,10,5,20,134,25.12495983
1014,10,5,33,147,39.68378671
1014,10,5,44,158,53.73728133
1017,1,1,19,19,23.87576482
1017,3,1,20,20,25.07974666
1017,3,2,7,72,9.350788134
1017,3,4,45,167,55.07015548
1017,4,1,22,22,26.50133372
1017,4,4,21,125,25.91667113
1017,4,5,51,224,61.7848377
1017,5,1,7,7,9.197819491
1017,5,2,55,123,66.63147779
1017,7,1,6,6,8.31222754
1017,7,1,19,19,23.78907108
1017,8,5,5,162,6.39745554
1017,10,1,8,8,10.09972888
1017,10,3,23,94,28.5498311
1017,10,5,48,162,58.78275227
1020,1,1,12,12,14.69607846
1020,1,2,12,38,14.98869936
1020,1,2,23,49,28.16483928
1020,1,2,37,63,44.81089339
1020,1,3,13,81,15.73739687
1020,1,3,17,85,21.11794959
1020,1,4,16,144,19.4058336
1020,1,4,43,171,51.60078795
1020,1,5,30,204,36.71654337
1020,1,5,42,216,50.73443775
1020,2,1,8,8,10.26770137
1020,2,1,29,29,35.25742259
1020,2,2,15,61,19.15980902
1020,2,2,31,77,37.51067631
1020,2,3,16,108,20.20464483
1020,2,4,13,128,16.40790658
1020,2,5,5,158,6.604610245
1020,3,1,47,47,56.40366593
1020,3,1,53,53,64.44876514
1020,3,2,13,80,16.78653598
1020,3,3,6,88,7.807940685
1020,3,3,21,103,25.45286807
1020,3,3,38,120,45.97128767
1020,3,4,7,130,8.648971497
1020,3,4,12,135,15.11176411
1020,3,4,35,158,42.85028374
1020,3,4,56,179,67.78913479
1020,4,1,38,38,46.27102187
1020,4,2,25,65,30.1204587
1020,4,3,18,90,22.53347172
1020,4,4,4,108,5.478619578
1020,4,5,10,183,12.48788385
1020,4,5,55,228,66.38000601
1020,5,1,5,5,6.895503473
1020,5,1,45,45,54.72961229
1020,5,2,15,82,18.24260307
1020,5,2,27,94,32.8843929
1020,5,2,48,115,58.40671416
1020,5,3,6,130,7.937920733
1020,5,4,9,167,11.93605982
1020,5,4,13,171,16.35853829
1020,5,4,24,182,29.87338361
1020,5,5,18,226,21.61786526
1020,6,1,17,17,21.37216968
1020,6,1,40,40,48.39175785
1020,6,2,6,62,7.768747707
1020,6,3,12,76,14.64850237
1020,6,3,22,86,26.7045804
1020,6,3,41,105,49.9367992
1020,6,4,16,129,19.82127198
1020,6,4,20,133,24.03685748
1020,6,4,40,153,49.10277649
1020,6,5,18,187,21.91199592
1020,6,5,32,201,39.01354341
1020,7,1,8,8,10.14974751
1020,7,1,17,17,20.57282844
1020,7,2,14,66,17.28255022
1020,7,2,25,77,30.54824383
1020,7,2,33,85,40.55578385
1020,7,2,46,98,56.07181561
1020,7,3,12,124,15.10785215
1020,7,3,29,141,34.87967277
1020,8,1,6,6,7.22684358
1020,8,2,11,48,13.94030399
1020,8,3,10,96,12.18826681
1020,8,3,33,119,39.97189107
1020,8,4,12,144,14.77963801
1020,8,5,16,174,19.5321297
1020,8,5,29,187,35.34099233
1020,8,5,69,227,83.84543595
1020,9,1,2,2,2.768940905
1020,9,1,6,6,7.937533043
1020,9,1,22,22,27.04157255
1020,9,2,7,54,8.817269131
1020,9,2,26,73,31.71165358
1020,9,3,9,86,11.14916226
1020,9,3,24,101,28.91834979
1020,9,4,18,168,21.87191568
1020,9,5,26,202,32.30273719
1020,10,1,9,9,11.15188682
1020,10,1,26,26,31.75274637
1020,10,1,39,39,46.89389856
1020,10,2,17,60,21.44527518
1020,10,3,11,83,13.2306032
1020,10,4,12,113,14.82307792
1020,10,5,17,132,21.19709171
1020,10,5,32,147,38.51394895
1020,10,5,41,156,49.36064576
1023,1,1,17,17,21.544215
1023,1,1,18,18,22.08479701
1023,1,2,12,38,14.74397608
1023,1,2,12,38,15.24486356
1023,1,2,28,54,33.92332622
1023,1,2,28,54,34.43059815
1023,1,2,29,55,34.9698397
1023,1,3,17,86,20.62100319
1023,1,3,17,86,21.12294465
1023,1,3,29,98,35.46889967
1023,1,3,30,99,36.01363937
1023,1,3,37,106,45.14368651
1023,1,3,38,107,45.64952832
1023,1,4,15,145,18.50421399
1023,1,4,15,145,19.00587738
1023,1,4,22,152,27.00371632
1023,1,4,32,162,38.48160384
1023,1,4,32,162,39.01339066
1023,1,4,32,162,39.51651171
1023,1,5,10,187,12.86901315
1023,1,5,11,188,13.37070793
1023,1,5,49,226,59.6553051
1023,1,5,50,227,60.20430005
1023,2,1,9,9,11.74370891
1023,2,1,23,23,28.76119397
1023,2,1,24,24,29.30013865
1023,2,1,38,38,45.65055927
1023,2,2,40,86,48.02607609
1023,2,3,12,104,14.83272792
1023,2,3,12,104,15.36669791
1023,2,3,15,107,18.91685136
1023,2,3,16,108,19.4181198
1023,2,4,8,123,10.45437275
1023,2,4,21,136,26.1749204
1023,2,4,22,137,26.67613069
1023,2,4,22,137,27.21519537
1023,2,4,36,151,43.97657267
1023,3,1,21,21,26.2543223
1023,3,1,36,36,43.26944737
1023,3,1,56,56,68.16650298
1023,3,1,57,57,68.6681807
1023,3,2,3,69,3.813270691
1023,3,2,3,69,4.315734731
1023,3,2,6,72,8.073325204
1023,3,3,5,87,6.233388963
1023,3,3,20,102,24.59071108
1023,3,3,20,102,25.12982563
1023,3,3,34,116,40.89894376
1023,3,3,38,120,45.77328237
1023,3,3,38,120,46.27567478
1023,3,4,10,133,13.07510386
1023,3,4,11,134,13.61665466
1023,3,4,26,149,31.2986951
1023,3,4,45,168,54.90837056
1023,3,5,14,198,17.0382859
1023,3,5,14,198,17.57294659
1023,3,5,42,226,50.99059157
1023,4,1,19,19,23.95543323
1023,4,1,26,26,31.4724843
1023,4,2,21,61,25.29426554
1023,4,2,28,68,33.88367454
1023,4,3,6,78,7.861153873
1023,4,3,18,90,21.95592154
1023,4,3,21,93,25.91266918
1023,4,3,30,102,37.01792293
1023,4,4,14,119,17.82773088
1023,4,4,25,130,31.09190673
1023,4,5,5,180,7.192493169
1023,4,5,26,200,31.4280492
1023,4,5,37,211,44.98106657
1023,4,5,55,229,66.8740583
1023,4,5,56,230,67.37763278
1023,5,1,16,16,19.24632219
1023,5,1,34,34,41.01717574
1023,5,1,55,55,66.25033965
1023,5,2,11,78,13.70135057
1023,5,2,21,88,25.58477409
1023,5,2,27,94,32.51161071
1023,5,2,46,113,55.61768412
1023,5,4,8,166,10.52980688
1023,5,4,16,174,19.32081139
1023,5,4,24,182,29.875035
1023,5,5,4,212,5.275866182
1023,5,5,31,239,37.88653657
1023,6,1,7,7,8.528666726
1023,6,1,11,11,13.48839743
1023,6,1,22,22,26.83390814
1023,6,1,40,40,48.65327477
1023,6,3,10,75,12.94352645
1023,6,3,15,80,18.91293122
1023,6,3,16,81,19.41497086
1023,6,3,16,81,19.91727966
1023,6,3,25,90,30.46623788
1023,6,3,39,104,47.69077089
1023,6,4,21,135,25.96194868
1023,6,5,15,185,19.00391735
1023,6,5,20,190,24.75374783
1023,6,5,24,194,28.8403506
1023,6,5,32,202,38.88580735
1023,7,1,17,17,20.82698473
1023,7,1,45,45,54.74399401
1023,7,2,8,60,10.15985495
1023,7,2,23,75,28.0066464
1023,7,2,31,83,37.52063472
1023,7,2,36,88,43.68545602
1023,7,2,46,98,55.78645251
1023,7,3,9,121,11.3275119
1023,7,3,15,127,19.12736382
1023,7,3,28,140,34.55097768
1023,7,3,40,152,48.85800994
1023,8,1,4,4,5.1935858
1023,8,1,16,16,20.21017995
1023,8,1,34,34,41.85726424
1023,8,2,5,43,6.896678601
1023,8,2,20,58,24.28754128
1023,8,2,27,65,33.08837428
1023,8,2,44,82,53.52864575
1023,8,3,20,107,24.45664986
1023,8,3,39,127,47.98218231
1023,8,3,43,130,52.65363811
1023,8,4,11,144,13.73257119
1023,8,4,19,152,23.08570679
1023,8,5,12,171,14.95423062
1023,8,5,19,178,23.08590815
1023,8,5,29,188,34.80812016
1023,8,5,43,202,52.60904069
1023,8,5,52,211,63.20594922
1023,8,5,68,227,82.3439161
1023,9,1,3,3,4.567999232
1023,9,1,15,15,18.95919737
1023,9,1,23,23,28.33284704
1023,9,1,41,41,50.06069433
1023,9,2,9,56,11.24026004
1023,9,2,15,62,19.0043265
1023,9,2,24,71,29.42539118
1023,9,3,14,91,17.08308224
1023,9,3,34,111,41.06512644
1023,9,3,39,116,47.94283625
1023,9,3,51,128,61.28954719
1023,9,3,64,141,76.80518894
1023,9,4,4,154,5.898634838
1023,9,4,17,167,20.62043099
1023,9,5,18,195,22.67270095
1023,9,5,26,203,32.09777338
1023,10,1,7,7,8.440253152
1023,10,1,19,19,23.70433648
1023,10,1,38,38,45.60408842
1023,10,2,7,50,9.365931137
1023,10,3,1,73,2.063550753
1023,10,3,3,75,4.314556523
1023,10,3,17,89,21.33358003
1023,10,3,26,98,31.93441982
1023,10,4,8,109,10.57104781
1023,10,4,11,112,14.11844897
1023,10,5,60,175,72.46217694
1023,10,5,64,179,77.59427909
1023,10,5,71,186,85.52020007
1026,1,5,73,247,88.18554077
1026,2,1,10,10,12.40395314
1026,2,2,35,81,42.8917729
1026,2,4,28,143,34.09107449
1026,2,5,10,163,12.988386
1026,3,1,15,15,19.16058097
1026,3,3,22,103,27.04264454
1026,3,4,18,140,21.91305607
1026,4,2,10,50,12.23731251
1026,4,4,21,125,25.95481281
1026,4,5,18,191,22.62069679
1026,4,5,53,226,64.24035276
1026,5,1,12,12,15.35368357
1026,5,2,0,67,0.028339177
1026,5,2,25,92,30.11849092
1026,5,2,53,120,64.03011134
1026,5,4,45,202,54.39637354
1026,6,1,40,40,48.27113616
1026,6,3,19,83,23.86965979
1026,7,1,7,7,9.149922005
1026,7,1,16,16,19.78177875
1026,7,2,32,84,38.79819438
1026,7,2,51,104,62.37050452
1026,7,3,19,131,23.00312917
1026,7,3,28,140,33.66986929
1026,8,2,40,77,48.43578337
1026,8,5,14,171,17.9196033
1026,9,1,17,17,21.03628254
1026,9,1,41,41,49.89240765
1026,9,3,17,94,20.48945231
1026,9,3,52,129,63.44792036
1026,10,1,11,11,14.23259918
1026,10,3,7,78,8.897021602
1026,10,5,48,161,57.6526546
1029,1,4,23,151,28.59299427
1029,2,3,7,99,9.156704381
1029,3,2,9,74,11.16032246
1029,3,3,11,92,14.11929767
1029,3,5,34,218,41.97325172
1029,4,2,21,61,25.91485521
1029,4,4,7,111,8.442418471
1029,5,3,5,129,6.317863422
1029,5,4,27,185,32.50623077
1029,6,1,11,11,14.16249615
1029,6,4,45,158,54.16004187
1029,6,5,31,200,38.18777806
1029,7,1,11,11,13.78453204
1029,7,2,26,78,32.01041061
1029,7,3,32,144,39.06070176
1029,8,1,25,25,30.97162129
1029,8,3,41,127,50.32237209
1029,9,1,5,5,6.992944112
1029,9,2,2,49,2.564247272
1029,9,3,2,79,3.394974888
1029,9,4,6,156,7.48457273
1029,9,5,13,189,15.79313578
1029,10,1,13,13,16.65602782
1029,10,3,7,78,8.859537892
1029,10,3,27,98,33.26172178
1029,10,5,25,138,30.25901563
1033,1,4,27,155,32.42780866
1033,2,1,11,11,13.87162382
1033,3,1,5,5,6.990630195
1033,3,2,1,66,1.568057753
1033,3,3,8,89,10.32382444
1033,3,4,7,129,9.363970368
1033,3,4,57,179,68.5922955
1033,4,1,19,19,23.03864748
1033,4,1,26,26,31.93067326
1033,4,5,32,204,39.48079694
1033,5,1,54,54,64.83278032
1033,5,2,47,114,57.04067328
1033,6,1,9,9,11.74560168
1033,6,1,20,20,24.42701685
1033,6,1,26,26,31.38649345
1033,6,1,50,50,60.37167754
1033,6,3,21,86,25.70947591
1033,6,3,30,95,36.21498322
1033,6,5,33,203,40.39843047
1033,7,1,4,4,5.560849914
1033,7,1,16,16,19.5762068
1033,7,1,18,18,22.46051449
1033,7,1,28,28,34.25739516
1033,7,1,37,37,45.2344817
1033,7,2,27,79,33.46905795
1033,7,2,42,94,51.24081891
1033,7,3,4,116,5.692789938
1033,7,3,26,138,31.25720991
1033,8,2,42,79,50.48477057
1033,8,3,39,125,47.5278817
1033,8,5,30,189,37.17559226
1033,8,5,41,199,49.40903952
1033,8,5,60,218,72.5903274
1033,8,5,65,223,79.14013057
1033,9,1,13,13,15.99346041
1033,9,2,21,68,25.58465095
1033,10,1,13,13,16.7452648
1033,10,1,17,17,20.70790692
1033,10,5,14,127,17.9093816
1039,2,1,21,21,25.2936762
1039,2,2,37,83,44.85791998
1039,3,1,10,10,12.44411601
1039,4,3,23,95,27.71641574
1039,4,4,50,154,60.58128377
1039,4,5,40,213,48.48570673
1039,5,1,16,16,19.86524512
1039,5,1,49,49,59.48820521
1039,5,3,0,123,0.141228531
1039,5,4,46,203,55.61926908
1039,6,1,29,29,35.4358777
1039,6,3,44,109,53.65612156
1039,7,1,6,6,8.280091677
1039,7,1,18,18,22.50446725
1039,7,2,17,69,20.66558771
1039,7,2,42,94,51.56614001
1039,9,1,5,5,7.10912856
1039,9,3,22,99,27.13844918
1039,10,2,23,66,28.59508336
1039,10,5,34,148,41.6455106
2006,1,1,15,15,18.11376541
2006,1,1,32,32,38.59216538
2006,1,3,6,79,8.394143312
2006,1,5,15,129,18.49302246
2006,1,5,64,178,77.12824347
2006,2,1,10,10,12.31682443
2006,2,1,38,38,46.47191936
2006,2,2,6,62,7.899627873
2006,2,3,24,88,29.20950788
2006,2,3,43,107,51.72791367
2006,2,4,27,140,33.54617394
2006,2,5,15,184,18.99757337
2006,2,5,33,202,40.22579933
2006,3,1,11,11,13.61305613
2006,3,1,18,18,22.6198837
2006,3,2,7,45,9.350640024
2006,3,3,30,118,37.17993505
2006,3,3,42,129,50.69168006
2006,3,4,3,136,4.639922473
2006,3,5,9,168,11.60891122
2006,4,1,16,16,20.27821471
2006,4,2,10,75,12.98682876
2006,4,3,16,97,19.52959972
2006,4,4,9,131,11.77777359
2006,4,4,56,178,67.20706925
2006,5,1,26,26,31.33945773
2006,5,2,16,62,19.49115716
2006,5,2,26,72,31.49887505
2006,5,4,33,148,40.72630118
2006,6,1,2,2,3.51574952
2006,6,1,10,10,12.98621281
2006,6,2,8,55,9.817429844
2006,6,3,11,88,14.14741643
2006,6,3,25,102,30.24809732
2006,7,1,33,33,40.0526038
2006,7,1,43,43,52.68693411
2006,7,2,6,58,7.350641886
2006,7,2,43,95,51.60395036
2006,7,3,27,139,33.38432856
2006,8,1,27,27,32.58409973
2006,8,1,49,49,59.65946605
2006,8,4,41,198,49.60578217
2006,9,2,5,30,6.141927015
2006,9,2,40,65,48.68909625
2006,9,5,10,183,12.93971152
2006,9,5,40,213,48.60163893
2006,10,2,27,67,32.91604836
2006,10,3,15,87,18.99850488
2006,10,4,24,128,29.50173963
2006,10,5,37,210,45.1035844
2009,2,1,7,7,8.896552766
2009,2,3,0,64,0.138280912
2009,2,3,20,84,24.40859547
2009,2,4,12,125,14.77943222
2009,2,5,20,189,24.99294231
2009,3,1,12,12,14.94009949
2009,3,3,13,99,16.4909919
2009,3,3,37,123,44.52007377
2009,3,5,10,168,12.94276769
2009,3,5,61,219,73.70625824
2009,4,1,13,13,15.94644096
2009,4,3,10,91,12.56833612
2009,4,4,8,130,10.48310611
2009,4,5,32,215,39.46817656
2009,5,1,18,18,21.91302653
2009,5,2,16,62,19.23585065
2009,5,3,4,96,5.148278203
2009,5,3,16,108,19.45428533
2009,6,1,27,27,33.22102258
2009,6,3,18,95,22.45621268
2009,6,4,17,167,21.16474057
2009,7,1,20,20,24.16076968
2009,7,1,42,42,51.39908965
2009,7,2,3,55,4.060517244
2009,8,2,16,83,19.48805212
2009,8,3,32,155,39.21879077
2009,9,1,7,7,9.353630111
2009,9,2,27,52,32.49966542
2009,9,5,77,250,92.44113517
2009,10,2,23,63,27.67037198
2009,10,3,21,93,25.24545726
2009,10,4,9,113,11.40154546
2012,1,2,21,65,25.29136033
2012,1,5,49,164,59.90426677
2012,2,1,5,5,6.81222035
2012,2,5,17,186,21.20004918
2012,2,5,32,201,39.17985508
2012,3,2,6,43,8.103718444
2012,3,3,30,116,36.42554006
2012,3,4,5,137,6.023617112
2012,3,5,15,173,19.07359202
2012,4,3,36,118,44.06358894
2012,4,4,6,129,8.314925845
2012,4,4,56,179,67.45720056
2012,5,1,43,43,51.85880534
2012,5,3,18,110,21.74883925
2012,5,5,7,159,8.857799046
2012,6,1,35,36,43.18912301
2012,6,2,5,52,6.988051706
2012,6,3,14,91,17.6158694
2012,6,3,18,95,22.50315885
2012,7,1,18,18,22.20814443
2012,7,2,23,75,28.71264422
2012,7,2,43,95,52.23366748
2012,8,1,48,48,58.11335841
2012,9,2,11,36,13.4435879
2012,9,5,49,222,59.95482079
2012,10,2,24,64,29.54803599
2012,10,3,25,97,30.08519242
2012,10,5,14,186,17.23644779
2015,1,2,26,69,31.29606575
2015,1,5,46,160,55.27635682
2015,2,1,4,4,5.936985788
2015,2,1,22,22,26.66586678
2015,2,3,25,89,30.33773679
2015,2,3,29,93,35.46701074
2015,2,4,2,115,3.559415885
2015,2,5,32,201,38.63101591
2015,3,2,26,65,32.37759704
2015,3,3,43,130,52.19432565
2015,3,5,17,176,20.99073381
2015,3,5,25,184,30.04293188
2015,3,5,71,230,85.55667803
2015,4,1,17,17,20.7051864
2015,4,3,5,86,6.853586759
2015,4,4,8,130,9.900923787
2015,4,4,12,134,14.95019401
2015,5,2,43,89,51.94000338
2015,5,3,15,107,18.45178291
2015,5,4,24,139,29.00683379
2015,5,5,12,165,14.40360561
2015,6,1,3,3,4.186253642
2015,6,2,11,58,14.03318156
2015,6,3,20,97,25.16161606
2015,6,3,69,146,83.09389299
2015,6,4,19,169,22.86980356
2015,7,1,18,18,21.66328319
2015,7,1,40,40,48.39759129
2015,7,2,16,68,19.62229945
2015,7,2,42,94,51.22777917
2015,7,3,27,139,33.45936795
2015,8,2,27,94,32.58891914
2015,8,3,8,131,10.64631358
2015,8,4,44,201,53.93944964
2015,8,5,11,217,13.65128907
2015,9,1,22,22,26.41621652
2015,9,2,38,63,45.72036739
2015,9,4,18,145,22.61987577
2015,9,5,47,220,56.77755322
2015,10,3,18,90,22.24481246
2015,10,4,27,131,33.00766881
2015,10,4,44,148,53.06767671
2015,10,5,50,223,61.0753232
2018,1,1,15,15,18.41137868
2018,1,1,28,28,33.63341151
2018,1,2,8,52,9.776116036
2018,1,2,25,69,30.71728648
2018,1,3,6,80,8.398655421
2018,1,3,20,93,24.36520351
2018,1,4,11,113,14.27986605
2018,1,5,39,155,47.14569643
2018,1,5,50,166,60.40618923
2018,2,1,6,6,8.231650949
2018,2,1,13,13,16.15284685
2018,2,1,20,20,25.03935819
2018,2,1,41,41,49.48028825
2018,2,2,5,62,7.155479865
2018,2,3,7,72,9.483028383
2018,2,3,25,90,30.74551756
2018,2,3,46,111,55.52853366
2018,2,4,3,117,4.724375019
2018,2,4,18,132,22.07445722
2018,2,4,29,143,35.34061768
2018,2,4,52,166,62.82073984
2018,2,5,16,186,19.36741774
2018,2,5,30,200,36.41997316
2018,2,5,35,205,42.43329791
2018,3,1,14,14,17.52810736
2018,3,1,30,30,36.88657283
2018,3,2,8,46,10.60662655
2018,3,2,12,50,15.15011011
2018,3,2,31,69,37.79789667
2018,3,2,41,79,50.10636437
2018,3,3,6,93,7.390870943
2018,3,3,24,111,29.21110577
2018,3,3,33,120,40.68228335
2018,3,3,40,127,48.52313695
2018,3,4,3,136,3.853593428
2018,3,4,23,156,28.62673066
2018,3,5,16,175,19.53475621
2018,3,5,42,201,50.55848467
2018,3,5,71,230,85.4304312
2018,4,1,28,28,33.96491559
2018,4,1,38,38,45.72402401
2018,4,2,5,71,6.80983706
2018,4,3,0,82,0.140204682
2018,4,3,4,86,5.769851523
2018,4,3,16,98,19.61259737
2018,4,3,25,107,30.34260638
2018,4,4,5,128,6.556497573
2018,4,4,9,132,11.898594
2018,4,4,22,145,26.83049549
2018,4,4,40,163,48.51867507
2018,4,5,6,190,7.308606571
2018,4,5,12,196,15.32371145
2018,4,5,26,210,31.66943631
2018,4,5,48,232,57.77945152
2018,5,1,17,17,21.08028593
2018,5,1,23,23,28.21492601
2018,5,1,29,29,35.38457398
2018,5,1,37,37,44.59973024
2018,5,2,3,50,3.770703228
2018,5,2,13,60,16.66383662
2018,5,2,23,70,27.8321329
2018,5,2,32,79,39.05613221
2018,5,2,43,90,51.78053315
2018,5,3,9,103,11.53145631
2018,5,3,14,108,17.83309543
2018,5,4,21,138,25.87922552
2018,5,5,11,166,13.44315777
2018,6,1,5,5,6.229393493
2018,6,1,9,10,11.98055955
2018,6,1,14,14,17.89963832
2018,6,1,20,20,24.21093795
2018,6,1,38,38,46.27156473
2018,6,1,42,42,50.73345146
2018,6,2,18,65,22.12371192
2018,6,2,27,74,32.71677444
2018,6,3,10,87,12.90750191
2018,6,3,17,94,20.58177281
2018,6,3,32,109,38.93490412
2018,6,3,50,127,60.58205857
2018,6,3,63,140,76.21491695
2018,6,4,6,156,7.230824953
2018,6,4,17,167,20.87369041
2018,6,5,2,178,3.567417372
2018,6,5,10,186,12.28641986
2018,7,1,2,2,3.394039163
2018,7,1,15,15,18.61652769
2018,7,1,48,48,57.86794329
2018,7,2,20,72,24.71107671
2018,7,2,34,86,40.80885132
2018,7,2,43,95,52.28099204
2018,7,3,5,117,6.650923941
2018,8,1,3,3,4.564991029
2018,8,1,12,12,14.44114846
2018,8,1,24,24,28.95746455
2018,8,1,42,42,51.18652178
2018,8,2,2,69,2.604683674
2018,8,2,11,78,13.48372944
2018,8,2,31,98,37.88496066
2018,8,3,2,126,2.676811574
2018,8,3,24,148,28.83547957
2018,8,4,6,164,7.689846101
2018,8,4,39,197,47.01694547
2018,8,5,16,224,20.04279019
2018,9,1,7,7,9.319241746
2018,9,1,19,19,23.9569845
2018,9,2,2,27,3.105723534
2018,9,2,20,45,24.04217846
2018,9,2,36,61,43.22118047
2018,9,3,7,74,9.024757337
2018,9,3,13,80,16.53548164
2018,9,3,35,102,42.01819383
2018,9,4,5,133,6.816601154
2018,9,4,19,147,23.32794357
2018,9,4,38,166,45.72840814
2018,9,5,3,177,4.064060238
2018,9,5,37,211,44.68792076
2018,9,5,69,243,83.05355977
2018,10,1,14,14,17.3313181
2018,10,1,20,20,24.59130881
2018,10,1,37,37,44.64372479
2018,10,2,8,48,10.11372773
2018,10,2,18,58,22.12421713
2018,10,3,8,80,10.40488254
2018,10,3,13,85,15.78631002
2018,10,4,10,115,12.7678643
2018,10,4,42,147,51.10648408
2018,10,5,5,179,6.028140738
2018,10,5,12,186,15.32368878
2018,10,5,24,198,29.29885288
2018,10,5,47,221,56.87187772
2021,1,2,25,69,30.80178639
2021,1,3,23,96,28.66978937
2021,1,5,54,169,65.83348699
2021,2,1,17,17,21.11743886
2021,2,3,29,93,35.59261282
2021,2,5,24,193,29.88275558
2021,2,5,32,201,38.68082228
2021,3,1,12,12,15.19516736
2021,3,5,21,179,25.25059292
2021,3,5,67,225,80.75837563
2021,4,1,12,13,15.57246112
2021,4,3,6,87,7.857089179
2021,4,3,36,118,44.38723737
2021,4,4,10,132,12.3190484
2021,4,4,39,161,46.89523002
2021,5,1,37,37,45.26818748
2021,5,2,33,79,40.38565064
2021,5,3,4,96,5.810760366
2021,5,3,17,109,21.49295875
2021,5,4,32,147,39.29905479
2021,5,5,11,164,13.86025927
2021,6,1,2,2,3.100230321
2021,6,1,37,37,44.85134937
2021,6,3,7,84,8.81268947
2021,6,4,21,171,25.62220104
2021,7,1,15,15,18.95244558
2021,7,2,19,71,23.78827989
2021,7,2,41,93,50.01791965
2021,7,3,19,131,23.78928864
2021,8,1,45,45,54.31521281
2021,8,2,21,88,26.12325218
2021,8,5,12,218,14.98913534
2021,9,1,5,5,6.392345613
2021,9,2,9,34,11.53153183
2021,9,3,57,124,68.74936498
2021,9,4,35,162,42.59492629
2021,9,5,38,211,46.64118873
2021,10,1,34,34,41.09673954
2021,10,3,21,93,26.32832567
2021,10,4,23,128,28.78946911
2024,1,2,7,51,9.062784066
2024,1,3,5,78,6.349943272
2024,1,3,10,83,12.52363799
2024,1,4,9,111,10.97934548
2024,1,5,49,165,59.77664452
2024,1,5,61,177,74.12880538
2024,1,5,75,191,90.93575296
2024,2,1,10,10,12.65136043
2024,2,1,12,12,14.90446752
2024,2,1,23,23,27.6699529
2024,2,1,42,42,50.98046809
2024,2,1,51,51,61.23765158
2024,2,3,20,85,24.03604378
2024,2,3,28,93,33.6295764
2024,2,3,32,97,38.46609327
2024,2,4,29,143,35.71660475
2024,2,4,43,157,52.64714415
2024,2,5,19,189,23.33261332
2024,2,5,33,203,40.30081154
2024,3,1,33,33,40.59759569
2024,3,2,10,48,12.22918571
2024,3,2,16,54,20.19686587
2024,3,2,35,73,42.18220952
2024,3,3,9,96,10.82186375
2024,3,3,28,115,33.79877484
2024,3,3,40,127,48.73020393
2024,3,4,9,143,11.9902285
2024,3,5,18,177,21.86927925
2024,3,5,22,181,26.70266652
2024,3,5,34,193,41.75744632
2024,3,5,66,225,79.54562513
2024,3,5,72,231,86.67671933
2024,4,1,14,14,17.23977954
2024,4,1,21,21,25.37044023
2024,4,1,29,29,35.38090285
2024,4,2,11,77,14.14971367
2024,4,3,6,88,7.730422517
2024,4,3,16,98,19.53397015
2024,4,3,25,107,30.46258358
2024,4,4,6,129,7.355219434
2024,4,4,24,147,29.54291691
2024,4,4,55,178,66.61933347
2024,4,5,13,197,16.74069503
2024,5,1,5,5,6.441767993
2024,5,1,23,23,27.92026704
2024,5,1,31,31,37.67445951
2024,5,2,0,46,0.598701936
2024,5,2,15,61,18.61663111
2024,5,2,24,70,29.20972408
2024,5,3,5,97,6.357393336
2024,5,3,15,107,19.03468084
2024,5,4,20,135,24.20695126
2024,5,4,22,137,26.82861068
2024,5,5,12,165,15.4887374
2024,6,1,8,8,9.862932355
2024,6,1,12,12,14.61878507
2024,6,1,21,21,25.54281449
2024,6,1,31,32,38.38829043
2024,6,2,17,64,20.82909147
2024,6,3,10,87,13.02517253
2024,6,3,19,96,23.12848065
2024,6,3,33,110,40.72813407
2024,6,4,10,160,12.98842184
2024,6,4,20,170,24.62505935
2024,7,1,8,8,10.4854381
2024,7,1,18,18,22.53102533
2024,7,2,25,77,30.21246697
2024,7,2,34,86,41.2587988
2024,7,2,43,95,51.65021238
2024,7,3,7,119,8.811159021
2024,7,3,28,140,34.42294762
2024,8,1,23,23,28.74761005
2024,8,1,52,52,63.49079027
2024,8,2,17,84,21.48837851
2024,8,2,42,109,50.64813844
2024,8,4,12,169,14.82164351
2024,8,5,14,220,17.31882474
2024,9,1,9,9,11.77836927
2024,9,1,19,19,23.66112848
2024,9,2,22,47,27.29175207
2024,9,2,33,58,40.59464905
2024,9,3,11,78,14.15282245
2024,9,3,39,106,47.8975134
2024,9,4,21,148,25.91224836
2024,9,5,18,191,22.69996616
2024,9,5,39,212,47.0643532
2024,9,5,51,224,61.90849363
2024,9,5,66,239,79.67149216
2024,10,2,13,53,16.56895279
2024,10,2,22,62,26.45825357
2024,10,3,23,95,28.58029744
2024,10,4,23,127,27.70805633
2024,10,4,44,148,52.90169489
2024,10,5,14,187,17.74192225
2024,10,5,51,224,62.2851445
2024,10,5,60,233,72.0434183
2027,1,1,35,36,43.19113993
2027,1,2,6,50,7.400375439
2027,1,4,10,112,12.91638775
2027,1,5,12,128,14.40740173
2027,2,3,12,76,15.07824046
2027,2,3,33,97,39.89060873
2027,2,4,29,142,35.38615732
2027,2,4,44,157,53.56973862
2027,2,5,16,185,19.46050474
2027,3,1,12,12,15.11960438
2027,3,1,29,29,35.47492464
2027,3,2,8,46,10.36781477
2027,3,3,5,92,6.564840362
2027,3,4,1,134,2.319237826
2027,3,5,8,167,10.2803084
2027,3,5,15,174,18.57946004
2027,3,5,24,183,29.8382419
2027,4,1,5,5,6.652892048
2027,4,1,15,15,18.00059061
2027,4,1,28,28,33.84905469
2027,4,3,4,86,5.229572446
2027,4,3,14,96,17.87166082
2027,4,4,4,127,5.319065392
2027,4,4,9,132,11.1918787
2027,4,4,55,178,67.08919278
2027,4,5,6,190,7.398998233
2027,4,5,13,197,16.1269369
2027,4,5,32,216,39.43736123
2027,5,1,2,2,3.021281744
2027,5,1,24,24,29.46609789
2027,5,1,36,36,43.61208125
2027,5,1,44,44,53.82772439
2027,5,2,12,59,15.32199904
2027,5,2,43,90,52.65412819
2027,5,3,5,98,6.780099712
2027,5,3,11,104,14.16345603
2027,5,3,18,111,22.37386796
2027,5,4,3,119,4.687219625
2027,6,1,3,3,3.856935343
2027,6,1,7,7,9.399345038
2027,6,1,36,36,43.47514146
2027,6,2,16,63,19.70744283
2027,6,2,19,66,23.54434619
2027,6,3,7,84,8.942596605
2027,6,3,18,95,22.00461263
2027,6,4,13,163,15.70212656
2027,6,4,18,168,22.25357418
2027,7,1,3,3,4.070064447
2027,7,1,19,19,23.80112037
2027,7,1,32,32,38.68189182
2027,7,1,40,40,48.86584349
2027,7,1,47,47,57.28304323
2027,7,2,29,81,34.92634815
2027,7,2,42,94,50.73454374
2027,7,2,55,107,67.12998257
2027,7,3,16,128,20.20585207
2027,7,3,27,139,33.34855383
2027,8,1,10,10,12.74078636
2027,8,1,33,33,39.97242155
2027,8,1,45,45,54.20125428
2027,8,2,16,83,19.24992426
2027,8,2,25,92,31.13494139
2027,8,3,5,129,7.191733159
2027,8,4,40,197,49.10504227
2027,8,5,17,223,20.79290529
2027,9,1,2,2,3.06845427
2027,9,1,22,22,27.1382731
2027,9,2,6,31,7.448642316
2027,9,2,30,55,36.26012243
2027,9,3,34,101,40.93088825
2027,9,4,9,136,10.94508336
2027,9,5,37,210,45.27146229
2027,9,5,54,227,64.83491619
2027,10,1,17,17,20.78268523
2027,10,1,22,22,27.5047297
2027,10,2,11,51,13.40118724
2027,10,2,23,63,28.50889651
2027,10,3,11,83,13.70755734
2027,10,4,8,112,9.946059867
2027,10,4,66,170,79.97186938
2027,10,5,6,179,7.854578291
2027,10,5,26,199,32.00436758
2030,1,1,33,33,39.68253069
2030,1,2,22,66,27.04563112
2030,1,2,27,71,32.72191641
2030,1,3,6,79,7.738753186
2030,1,4,12,114,14.86456049
2030,1,5,61,177,73.3882502
2030,1,5,73,189,88.11193396
2030,2,1,11,11,13.53244824
2030,2,1,21,21,25.5848638
2030,2,1,47,47,57.15538408
2030,2,2,5,62,6.063734712
2030,2,3,11,76,13.73582213
2030,2,3,24,89,29.38755098
2030,2,3,39,104,47.56357951
2030,2,4,4,118,5.858613463
2030,2,4,19,133,23.83316609
2030,2,5,15,185,18.00139321
2030,2,5,17,187,20.66734842
2030,2,5,32,202,38.55370275
2030,3,1,19,19,23.16465112
2030,3,1,29,29,35.96893501
2030,3,1,32,32,38.93728161
2030,3,2,6,44,8.235689791
2030,3,2,39,77,47.01911118
2030,3,3,8,95,9.951147819
2030,3,3,34,121,41.65231845
2030,3,3,40,127,48.99270224
2030,3,4,24,157,29.33853212
2030,3,5,17,176,20.70896971
2030,3,5,19,178,23.95015785
2030,3,5,33,192,40.10521688
2030,3,5,60,219,72.67180197
2030,3,5,70,229,84.68776324
2030,4,1,5,5,6.191441782
2030,4,1,8,8,9.864373181
2030,4,1,19,19,23.71314433
2030,4,1,27,27,32.84667301
2030,4,1,35,36,43.18545545
2030,4,1,42,42,51.4513359
2030,4,3,0,82,1.146127944
2030,4,3,20,102,24.24863978
2030,4,4,5,128,6.990768498
2030,4,4,12,136,15.57759833
2030,4,4,55,178,66.54172028
2030,4,5,2,186,3.233499597
2030,4,5,4,188,5.775801682
2030,5,1,13,13,16.03787132
2030,5,1,23,23,27.67165178
2030,5,1,29,29,35.17311799
2030,5,2,22,68,26.8761417
2030,5,2,35,81,43.14778916
2030,5,3,6,98,7.450622205
2030,5,3,15,107,18.74695777
2030,5,4,21,136,26.17152122
2030,6,1,3,3,4.729207707
2030,6,1,16,16,19.36901371
2030,6,1,34,34,41.22136757
2030,6,2,8,55,9.821738046
2030,6,2,17,64,20.99637688
2030,6,3,10,87,12.94936567
2030,6,3,17,94,20.75510656
2030,6,4,17,167,21.12333421
2030,7,1,11,11,13.28264387
2030,7,1,16,16,19.66299986
2030,7,1,37,37,45.23262967
2030,7,1,42,42,51.56746426
2030,7,2,22,75,27.5899446
2030,7,2,42,94,51.40623207
2030,7,2,57,109,69.12824642
2030,7,3,26,138,31.9349168
2030,8,1,25,25,30.84648974
2030,8,1,43,43,52.73400274
2030,8,2,31,98,37.85124332
2030,8,4,31,188,37.97797873
2030,8,5,16,222,20.28576241
2030,9,1,6,6,8.28717792
2030,9,2,5,30,6.853491422
2030,9,2,30,55,37.13616302
2030,9,3,16,83,19.75365309
2030,9,3,31,98,37.63700142
2030,9,5,38,211,46.02607104
2030,10,2,7,47,8.490096081
2030,10,2,11,51,14.04001682
2030,10,5,8,181,9.906964359
2030,10,5,52,225,62.70540023
2034,1,3,10,83,13.16124628
2034,2,2,4,61,5.990250271
2034,2,3,28,92,34.50987913
2034,2,5,15,184,18.50006778
2034,3,1,14,14,17.11931596
2034,3,1,19,19,23.75052206
2034,3,1,34,34,41.39445638
2034,3,3,18,105,22.29048156
2034,3,3,31,118,37.56510016
2034,3,3,43,130,52.70062895
2034,3,4,8,141,10.02740786
2034,3,5,7,166,8.698158422
2034,4,1,13,13,15.69889939
2034,4,3,21,102,26.0100709
2034,4,3,32,113,38.59475644
2034,4,4,8,130,10.69885645
2034,4,4,46,168,55.40777562
2034,5,1,20,20,24.88009075
2034,5,1,26,26,31.88769741
2034,6,1,7,7,8.778030258
2034,6,1,16,16,20.13129164
2034,6,3,11,89,13.3285763
2034,7,1,24,24,29.38454981
2034,7,1,42,42,50.85588582
2034,7,2,30,82,36.63664448
2034,7,2,43,95,52.36615531
2034,7,3,3,115,4.189830719
2034,7,3,28,140,33.6800237
2034,8,2,8,75,10.49537926
2034,8,2,20,87,24.79703697
2034,8,4,27,184,32.43021008
2034,8,5,4,210,5.487979176
2034,9,4,22,149,26.96690005
2034,9,5,34,207,41.72540598
2034,10,1,12,12,14.7016885
2034,10,1,37,37,44.81638971
2034,10,2,26,66,31.47409137
2034,10,3,28,100,33.71005817
2034,10,4,45,149,54.0743753
2038,1,4,2,104,3.355383188
2038,1,5,7,123,9.278943997
2038,1,5,60,176,72.96440877
2038,2,1,7,7,8.98868234
2038,2,2,4,60,5.897109804
2038,2,3,21,85,26.20709609
2038,2,4,11,124,13.57589534
2038,2,5,19,188,22.96294789
2038,3,1,15,15,19.08275535
2038,3,3,19,105,23.4184836
2038,3,4,5,137,6.81285305
2038,3,5,17,175,21.17024043
2038,3,5,42,200,50.81921896
2038,3,5,70,228,84.80884282
2038,4,1,6,6,7.527376946
2038,4,1,21,21,25.37718275
2038,4,3,7,89,8.614172289
2038,4,4,17,140,20.49531393
2038,4,4,24,148,29.97138883
2038,4,4,44,167,52.90396506
2038,4,4,55,179,67.16301333
2038,4,5,5,189,6.78252919
2038,4,5,21,205,26.29764293
2038,5,2,42,89,51.16068979
2038,5,3,20,113,25.05444787
2038,6,1,4,4,5.029407561
2038,6,1,8,8,9.868329646
2038,6,1,10,10,12.74403486
2038,6,1,15,15,18.04317117
2038,6,3,10,87,13.03445038
2038,6,3,18,96,22.78804552
2038,6,3,44,121,53.20207269
2038,6,4,3,153,4.571892394
2038,6,5,0,176,0.032247389
2038,6,5,3,179,4.441524758
2038,7,1,19,19,23.16423793
2038,7,1,19,19,23.665682
2038,7,1,29,29,34.93183933
2038,7,1,37,37,45.31603113
2038,7,2,33,85,40.13888891
2038,7,2,44,96,53.61512352
2038,7,3,20,132,24.83756109
2038,7,3,32,144,39.56092012
2038,7,3,37,149,44.89843914
2038,8,2,3,70,4.315683733
2038,8,2,19,86,23.80228007
2038,8,2,27,94,32.63533874
2038,8,4,16,174,20.08050196
2038,8,4,25,183,30.3822894
2038,8,4,45,203,54.02895219
2038,8,5,25,233,31.13102341
2038,9,2,1,27,1.604583558
2038,9,2,5,31,6.108912606
2038,9,2,32,58,39.18134864
2038,9,3,31,99,37.59921767
2038,9,4,24,152,29.00663428
2038,9,4,31,159,37.92339475
2038,10,1,32,32,38.42587151
2038,10,2,16,56,19.37204578
2038,10,2,26,66,31.21504672
2038,10,3,28,100,34.34095246
2038,10,4,3,107,4.646365595
2038,10,5,12,185,14.83078727
2038,10,5,49,222,59.20375123
2040,1,1,7,7,8.403830486
2040,1,1,16,16,20.04326436
2040,1,1,31,31,38.09591693
2040,1,2,15,59,18.50584729
2040,1,3,6,79,7.32724155
2040,1,4,8,110,10.57281063
2040,1,5,23,139,27.71833727
2040,1,5,73,189,88.43460389
2040,2,1,10,10,12.19892777
2040,2,1,18,18,22.74627773
2040,2,2,3,59,4.482699404
2040,2,3,14,78,17.08003716
2040,2,3,44,108,53.56802619
2040,2,4,1,114,1.816443519
2040,2,5,16,185,20.03855294
2040,3,1,6,6,8.070272431
2040,3,1,19,19,23.08739881
2040,3,1,30,30,36.38692583
2040,3,2,18,56,22.16499688
2040,3,2,36,75,44.39441033
2040,3,3,9,96,11.52426696
2040,3,3,40,127,48.94213238
2040,3,4,4,137,5.360945538
2040,3,4,18,151,22.08238996
2040,3,5,35,194,43.05566766
2040,4,1,9,9,11.78669914
2040,4,1,28,28,33.68346502
2040,4,1,58,58,70.01063632
2040,4,3,0,82,0.146544037
2040,4,3,6,88,7.813653997
2040,4,4,6,129,8.153825799
2040,4,4,55,178,66.17649989
2040,4,5,18,202,22.08516273
2040,5,1,34,35,41.98208286
2040,5,2,14,61,17.08626289
2040,5,3,5,98,6.396331081
2040,5,3,12,105,15.249344
2040,5,4,36,152,43.52182924
2040,6,1,1,1,2.026368116
2040,6,1,10,10,12.57348735
2040,6,1,28,28,33.80582324
2040,6,2,6,53,7.279701642
2040,6,3,19,96,22.92095922
2040,6,4,18,168,22.53902239
2040,7,1,16,16,19.31808887
2040,7,1,24,24,29.20716977
2040,7,2,5,57,6.612471158
2040,7,2,38,90,46.27638117
2040,8,2,4,71,5.276761195
2040,9,1,21,21,25.45949239
2040,9,2,30,55,36.17317554
2040,9,3,11,78,14.16178391
2040,9,4,11,138,14.19432974
2040,9,5,27,200,32.4672288
2040,9,5,66,239,79.88598533
2040,10,1,28,28,34.00945641
2040,10,3,21,93,26.34293072
2040,10,4,19,123,23.03334359
3004,1,1,46,46,56.10340745
3004,1,1,57,57,68.8732553
3004,1,2,10,78,12.27714727
3004,1,2,55,123,66.61842199
3004,1,3,3,128,4.480632934
3004,1,4,47,206,56.95069647
3004,1,5,25,233,30.58936685
3004,2,1,9,9,11.90312121
3004,2,2,22,62,27.3332665
3004,2,3,10,83,13.19311566
3004,2,4,26,130,31.87960406
3004,2,4,54,158,64.87340721
3004,2,4,65,169,79.08623379
3004,2,5,54,227,65.37275591
3004,3,1,1,1,1.642523569
3004,3,1,8,8,9.648712565
3004,3,1,13,13,16.02875379
3004,3,1,17,17,21.32378457
3004,3,1,30,30,36.58956992
3004,3,3,11,88,14.11597707
3004,3,3,25,102,30.83096959
3004,3,5,17,193,20.61968293
3004,4,1,7,7,8.560944818
3004,4,2,39,64,46.93535305
3004,4,3,39,106,47.31394904
3004,4,4,3,130,4.348171887
3004,4,4,22,149,27.28766787
3004,4,5,40,213,48.97872801
3004,5,2,14,57,17.03405853
3004,5,2,23,66,27.75134246
3004,5,3,12,84,14.52844476
3004,5,4,5,106,6.27385337
3004,5,5,40,154,48.02174517
3004,6,1,22,22,26.99677839
3004,6,4,12,143,14.82294846
3004,6,5,18,175,22.53102459
3004,7,1,20,20,24.95477588
3004,8,2,25,71,30.12796734
3004,8,4,25,140,30.46412082
3004,10,1,29,29,35.42539379
3007,2,1,20,20,24.95511935
3007,2,4,23,127,27.70809531
3007,2,5,13,186,16.57026249
3007,3,3,18,95,22.03719633
3007,4,2,23,48,27.708299
3007,4,5,34,207,41.26361938
3007,5,1,13,13,16.65681964
3007,5,3,23,94,28.33570501
3007,6,2,33,71,40.63820583
3007,6,3,34,121,41.8531317
3007,6,5,18,177,21.9197452
3007,6,5,70,229,84.39865063
3007,7,1,19,19,23.33121314
3007,7,2,13,65,16.65978373
3007,7,2,57,109,68.87391732
3007,8,1,28,28,34.13244642
3007,8,3,19,111,22.8315571
3007,9,3,24,88,29.70823603
3007,9,5,33,202,40.59273023
3007,10,1,24,24,29.00221809
3007,10,1,45,45,54.64505716
3007,10,3,16,97,20.32683067
3010,1,1,45,45,54.56632261
3010,1,2,27,95,33.34208976
3010,1,4,13,171,15.736939
3010,2,1,19,19,23.15883361
3010,2,1,28,28,34.34219126
3010,2,2,19,59,23.33117971
3010,2,2,28,68,34.21544736
3010,2,3,15,87,18.82197094
3010,2,3,26,98,31.29653763
3010,2,4,4,109,5.387502728
3010,2,4,21,126,25.49943945
3010,2,5,18,192,21.99416569
3010,2,5,25,199,31.17173827
3010,2,5,32,206,38.88565519
3010,2,5,33,207,40.72261951
3010,2,5,41,215,49.98262301
3010,2,5,58,232,70.16305988
3010,3,1,3,3,4.558927304
3010,3,1,13,13,16.40204334
3010,3,1,18,18,22.07541142
3010,3,1,36,36,44.22390154
3010,3,2,18,66,22.37304164
3010,3,3,8,86,10.44333451
3010,3,3,18,96,22.658502
3010,3,3,39,117,47.56111429
3010,3,3,63,141,76.12499862
3010,3,4,12,163,14.74057146
3010,3,4,17,168,21.53701403
3010,4,1,4,4,4.813314116
3010,4,1,17,17,21.11815277
3010,4,2,5,30,6.648536898
3010,4,2,16,41,19.8287311
3010,4,2,36,61,43.76519991
3010,4,3,7,74,8.564687184
3010,4,3,24,91,28.8310469
3010,4,3,54,121,65.37065052
3010,4,4,22,150,26.87235253
3010,4,4,40,168,48.85220725
3010,4,5,10,184,12.89541678
3010,4,5,29,203,35.21607607
3010,4,5,38,212,46.64065422
3010,4,5,70,244,84.96971257
3010,5,1,14,14,17.03523795
3010,5,1,22,22,26.6659259
3010,5,1,26,26,32.25637846
3010,5,2,5,48,7.106191989
3010,5,3,3,74,4.393763398
3010,5,3,6,77,7.813783033
3010,5,3,9,80,10.9862789
3010,5,3,14,85,16.86478068
3010,5,3,17,88,20.70137971
3010,5,4,1,102,1.72277171
3010,5,5,49,164,59.5667282
3010,5,5,72,187,87.10266797
3010,6,1,1,1,1.425685751
3010,6,2,9,46,11.51604533
3010,6,2,45,82,54.06243686
3010,6,3,5,91,6.021754855
3010,6,3,13,99,15.94379614
3010,6,3,27,113,33.0460994
3010,6,4,2,134,2.932593494
3010,6,4,24,156,29.58437132
3010,6,5,15,173,18.86686389
3010,6,5,17,175,20.69965898
3010,6,5,28,186,33.83954456
3010,6,5,35,193,43.01560224
3010,6,5,46,204,56.31762882
3010,6,5,54,213,65.99586312
3010,6,5,70,228,84.5133447
3010,7,1,18,18,22.32834422
3010,7,1,24,24,29.16828509
3010,7,1,43,43,51.69118088
3010,7,1,48,48,57.60937108
3010,7,2,14,66,17.11142375
3010,7,2,26,78,32.2563127
3010,7,2,32,84,38.76005188
3010,7,2,42,94,51.05945164
3010,7,3,9,121,11.48562672
3010,7,3,19,131,23.44915927
3010,7,3,22,134,27.45776442
3010,7,3,37,149,44.43309423
3010,8,1,9,9,11.15841326
3010,8,1,18,18,21.95501909
3010,8,1,35,35,42.68422818
3010,8,2,3,50,4.688171029
3010,8,2,22,69,26.63039737
3010,8,2,34,81,41.34814405
3010,8,3,4,97,5.529782336
3010,8,3,14,107,17.57512986
3010,8,4,15,131,18.33216948
3010,8,4,21,137,25.29282327
3010,8,5,7,161,8.439595867
3010,9,1,4,4,5.597632558
3010,9,1,26,26,31.25323283
3010,9,1,32,32,39.09456311
3010,9,2,2,59,3.392797482
3010,9,3,11,76,14.32001629
3010,9,3,20,85,24.70915768
3010,9,3,31,96,38.33750698
3010,9,4,3,117,4.723132049
3010,9,4,22,136,26.66361748
3010,9,4,39,154,47.97710906
3010,9,5,12,182,14.90401284
3010,9,5,17,187,20.73673606
3010,9,5,20,190,24.24010509
3010,9,5,21,191,26.28844959
3010,9,5,32,202,38.51249237
3010,10,1,6,6,7.730637163
3010,10,1,9,9,11.90278054
3010,10,1,16,16,20.27854053
3010,10,1,29,29,35.17377312
3010,10,1,42,42,51.27031167
3010,10,2,8,74,9.774892884
3010,10,2,15,81,18.15446596
3010,10,3,3,85,4.388534099
3010,10,3,8,90,10.65295515
3010,10,3,20,102,25.16516693
3010,10,3,33,115,40.22570813
3010,10,4,9,132,11.39932952
3010,10,4,12,135,14.73066719
3010,10,4,18,141,21.90716593
3010,10,4,31,154,38.13063906
3010,10,4,52,175,63.07554536
3013,1,1,32,32,39.13285185
3013,1,1,46,46,55.43785654
3013,1,1,55,55,66.15338045
3013,1,2,42,110,51.23131913
3013,1,4,18,176,21.82922179
3013,2,1,20,20,24.28642639
3013,2,2,14,54,17.90837959
3013,2,3,19,91,23.65629711
3013,2,4,23,127,28.28660159
3013,2,5,20,193,24.58120576
3013,2,5,53,226,64.74582329
3013,3,1,29,29,35.29740274
3013,3,1,39,39,47.34886035
3013,3,3,25,102,30.7951964
3013,3,4,20,170,25.12049358
3013,4,1,6,7,8.068970233
3013,4,2,9,36,11.48312361
3013,4,2,31,59,38.38975433
3013,4,3,35,104,42.81117611
3013,4,4,20,149,25.12019673
3013,4,4,37,166,45.43076196
3013,4,5,8,183,10.48650227
3013,4,5,42,217,50.65123181
3013,5,1,9,9,11.90621703
3013,5,2,22,65,27.50312641
3013,5,3,8,79,10.35851475
3013,5,4,12,112,15.19457965
3013,5,5,35,149,42.92575975
3013,6,2,25,62,30.41685001
3013,6,3,36,122,44.35105275
3013,6,5,17,175,21.5390253
3013,6,5,67,225,80.42706049
3013,7,1,23,23,28.36903786
3013,7,1,48,48,57.78001341
3013,7,2,14,67,17.61184804
3013,7,3,29,142,35.47406685
3013,8,1,34,34,41.59420795
3013,8,1,43,44,52.77311533
3013,8,2,41,87,49.52230046
3013,8,4,23,138,28.28825065
3013,9,1,25,25,30.87937479
3013,9,3,19,83,23.73909977
3013,9,3,43,107,51.89669478
3013,9,5,21,190,25.54110029
3013,9,5,34,203,40.85047075
3013,10,1,15,15,18.69949095
3013,10,1,29,29,35.3402847
3013,10,3,14,96,16.9066591
3013,10,4,22,145,26.65944719
3013,10,5,20,204,24.86832449
3016,2,1,20,20,24.28849408
3016,2,1,31,31,37.88610155
3016,2,1,37,37,45.18438703
3016,2,2,17,57,21.03549395
3016,2,2,20,61,25.16974097
3016,2,2,25,65,30.33437416
3016,2,2,28,68,34.59244634
3016,2,3,5,79,7.187385605
3016,2,3,9,82,11.77672055
3016,2,3,15,88,18.56969532
3016,2,3,21,94,26.00177997
3016,2,3,29,102,34.97000253
3016,2,4,43,149,52.31250207
3016,2,4,48,154,57.69971005
3016,2,4,57,163,68.70648225
3016,2,4,61,167,73.62960631
3016,2,5,8,183,10.60809825
3016,2,5,12,187,14.65147938
3016,2,5,15,190,18.8676304
3016,2,5,19,194,22.9488861
3016,2,5,24,199,29.16805679
3016,2,5,29,204,35.67242277
3016,2,5,37,212,44.46666058
3016,2,5,42,217,51.09652531
3016,2,5,48,223,58.48658608
3016,2,5,56,231,68.16230138
3016,3,1,14,14,17.31620741
3016,3,1,18,18,22.4980946
3016,3,1,21,21,25.49666546
3016,3,1,23,23,28.41139256
3016,3,1,41,41,49.76340514
3016,3,2,12,59,14.57288052
3016,3,2,24,71,29.71285815
3016,3,3,13,90,15.81681472
3016,3,3,20,97,25.08394068
3016,3,3,32,109,38.63462497
3016,3,3,39,116,47.43930419
3016,3,3,52,129,62.57943395
3016,3,3,69,146,83.88881377
3016,3,4,4,154,5.803885711
3016,3,4,11,161,13.4858076
3016,3,4,22,172,27.08136431
3016,3,5,10,187,12.19860327
3016,3,5,17,194,21.33393487
3016,3,5,21,198,25.83217368
3016,3,5,26,203,31.33584813
3016,4,2,0,25,0.598379523
3016,4,2,6,31,7.729978027
3016,4,2,22,47,26.49902799
3016,4,2,31,56,37.21638529
3016,4,2,38,63,46.76813357
3016,4,3,8,75,9.729200522
3016,4,3,24,91,28.91922557
3016,4,3,46,113,55.27808538
3016,4,4,13,141,15.85987157
3016,4,4,28,156,33.6294885
3016,4,4,32,161,39.59235782
3016,4,4,40,168,48.72661184
3016,4,5,5,179,6.395427769
3016,4,5,26,200,31.33241276
3016,4,5,38,212,46.43388404
3016,4,5,52,226,62.86858999
3016,4,5,67,241,80.46690912
3016,5,1,9,9,11.48472639
3016,5,1,18,18,21.99176346
3016,5,1,25,25,30.92093395
3016,5,1,34,34,40.88864572
3016,5,2,5,49,6.311379781
3016,5,2,9,53,10.90191811
3016,5,2,14,58,17.20116759
3016,5,2,22,66,27.21170957
3016,5,3,8,81,10.65594812
3016,5,3,14,87,17.61783783
3016,5,3,19,92,23.20782281
3016,5,4,0,102,0.030192962
3016,5,4,9,111,10.98380667
3016,5,5,13,129,16.69172459
3016,5,5,28,144,33.91681767
3016,5,5,46,162,55.90063829
3016,5,5,70,186,84.89055516
3016,6,2,18,55,22.44832986
3016,6,2,25,62,31.16814079
3016,6,2,28,65,34.58628411
3016,6,2,35,72,43.13723792
3016,6,3,7,93,8.771178068
3016,6,3,18,104,22.49548822
3016,6,3,36,122,43.46994921
3016,6,3,43,129,52.22862956
3016,6,4,18,150,21.94612731
3016,6,5,11,169,13.52753688
3016,6,5,14,172,16.89903334
3016,6,5,18,176,22.57758912
3016,6,5,24,182,29.00555973
3016,6,5,30,188,36.67630191
3016,6,5,35,193,43.09830745
3016,6,5,45,203,54.28218815
3016,6,5,62,220,74.54848652
3016,6,5,71,229,85.39288713
3016,7,1,25,25,30.92168235
3016,7,2,11,63,14.32351905
3016,7,2,14,66,17.90619327
3016,7,2,16,68,19.62121058
3016,7,2,17,69,21.41502997
3016,7,2,22,74,26.75149876
3016,7,2,25,77,30.41984668
3016,7,2,27,79,33.41955931
3016,7,2,33,85,39.64062923
3016,7,2,34,86,41.89196113
3016,7,2,37,89,45.51891153
3016,7,2,44,96,53.48110472
3016,7,2,49,101,59.65407918
3016,7,2,56,108,68.2931493
3016,7,3,5,118,6.849657306
3016,7,3,10,123,12.81762713
3016,7,3,17,130,21.19476652
3016,7,3,23,136,28.50008823
3016,7,3,27,140,33.16551974
3016,7,3,33,146,40.59511084
3016,7,3,40,153,48.30753203
3016,8,1,20,20,24.95482839
3016,8,1,33,33,39.93113122
3016,8,1,42,42,51.01968416
3016,8,2,6,52,8.02172424
3016,8,2,19,65,23.45102947
3016,8,2,28,74,33.63232173
3016,8,2,34,80,41.35405263
3016,8,2,40,86,48.772704
3016,8,2,44,90,53.18926378
3016,8,3,8,101,9.69380745
3016,8,4,12,128,15.35751605
3016,8,4,20,136,24.37048733
3016,8,4,32,148,39.17805504
3016,8,5,6,160,7.939878819
3016,8,5,9,163,11.40132881
3016,9,1,9,9,11.60896047
3016,9,1,12,12,15.35997643
3016,9,1,15,15,18.11186271
3016,9,1,20,20,24.61682295
3016,9,1,25,26,31.17395222
3016,9,1,33,33,39.7996928
3016,9,1,40,40,48.27232128
3016,9,1,47,47,56.86016429
3016,9,3,11,76,14.11366322
3016,9,3,16,81,19.83079573
3016,9,3,21,86,25.95110539
3016,9,3,26,91,31.58020874
3016,9,3,35,100,42.01495638
3016,9,3,46,111,56.10474876
3016,9,4,5,119,7.060210468
3016,9,4,12,126,15.28358673
3016,9,4,19,133,23.91210254
3016,9,4,27,141,33.08992972
3016,9,4,31,146,38.39393093
3016,9,4,44,158,53.73421987
3016,9,4,52,166,62.45632013
3016,9,5,7,178,9.398738568
3016,9,5,17,188,20.73774811
3016,9,5,25,196,30.12743604
3016,10,1,12,12,15.57329356
3016,10,1,21,21,25.37012187
3016,10,1,27,27,33.29724503
3016,10,1,35,35,42.30457807
3016,10,1,45,46,55.19341522
3016,10,1,57,57,68.66356306
3016,10,3,6,88,7.483026538
3016,10,3,12,94,14.98934666
3016,10,3,19,101,23.12283195
3016,10,3,26,108,31.58111984
3016,10,3,34,116,41.50958887
3016,10,4,6,129,8.357928805
3016,10,4,14,137,17.90089724
3016,10,4,22,145,26.54143361
3016,10,4,31,154,38.18086513
3016,10,4,37,160,44.5986972
3016,10,4,45,168,54.64419866
3016,10,4,57,180,68.58008326
3016,10,5,7,192,9.190640275
3016,10,5,11,196,13.44166968
3016,10,5,19,204,22.99557227
3016,10,5,25,210,30.08577254
3016,10,5,41,226,49.65165068
3016,10,5,48,233,58.40798669
3019,1,1,53,53,64.49184533
3019,1,2,32,100,38.9295079
3019,1,3,19,143,23.57601322
3019,1,5,18,225,21.91419085
3019,2,1,21,21,25.25036357
3019,2,2,17,57,20.78340042
3019,2,3,20,92,24.84063878
3019,2,5,1,173,1.51523591
3019,3,1,4,4,5.229494399
3019,3,3,17,94,20.70747485
3019,3,3,58,135,69.96266728
3019,3,4,19,169,23.7922672
3019,4,1,9,9,11.19977867
3019,4,2,17,43,20.45402999
3019,4,3,42,110,50.65318655
3019,4,5,8,182,10.27364035
3019,4,5,39,213,47.68870709
3019,5,1,5,5,7.021418372
3019,5,2,2,45,2.430392728
3019,5,3,9,80,11.15320775
3019,6,1,4,4,4.932175954
3019,6,2,7,45,8.400076633
3019,6,3,43,130,52.56691869
3019,6,5,16,176,20.37321671
3019,6,5,70,229,84.18179838
3019,7,1,5,5,6.811600224
3019,7,1,21,21,25.37404302
3019,7,1,39,39,47.19023051
3019,7,2,34,86,40.84459411
3019,7,2,44,96,53.69818477
3019,8,1,35,35,42.7592372
3019,8,2,37,83,44.64303116
3019,8,3,5,97,6.937253998
3019,8,4,4,119,5.774783788
3019,9,1,43,44,52.7772118
3019,9,2,4,60,5.893303226
3019,9,3,6,70,7.43886096
3019,9,5,6,175,7.606500388
3019,10,1,14,14,17.32614356
3019,10,1,19,19,23.79312087
3019,10,3,0,81,0.724873577
3019,10,3,5,86,6.351337986
3019,10,3,24,105,29.54364827
3022,1,1,40,40,48.86000229
3022,1,1,56,56,67.99983499
3022,1,3,0,124,0.619112542
3022,1,4,20,178,24.16785908
3022,2,1,9,9,11.78478874
3022,2,2,10,50,12.07823343
3022,2,2,26,66,31.72277591
3022,2,3,7,79,8.654317587
3022,2,3,22,94,26.63259905
3022,2,4,11,116,13.40427534
3022,2,4,25,130,31.13538333
3022,2,4,44,149,53.57204412
3022,2,5,12,186,14.45314116
3022,2,5,40,215,49.19829938
3022,3,1,29,29,35.38963417
3022,3,1,40,40,48.69546747
3022,3,2,10,57,12.86840725
3022,3,2,16,63,20.20792933
3022,3,3,12,89,14.6615105
3022,3,3,18,95,22.00587683
3022,3,3,58,135,70.71605107
3022,3,4,20,170,25.0026172
3022,3,5,14,190,16.82576748
3022,4,1,7,7,8.654944989
3022,4,2,9,34,11.276741
3022,4,2,16,41,19.41584138
3022,4,3,21,88,26.21218314
3022,4,4,6,134,8.398247061
3022,4,4,24,151,28.88424527
3022,4,4,43,170,51.90606846
3022,4,5,8,181,9.860086409
3022,4,5,17,190,21.16565351
3022,5,1,9,9,10.95170382
3022,5,2,5,49,6.323186263
3022,5,3,8,81,9.605258243
3022,5,4,9,111,11.19574205
3022,5,5,58,174,70.42277632
3022,5,5,71,187,85.6010557
3022,6,1,9,9,11.36492608
3022,6,2,7,44,9.528815095
3022,6,3,16,102,19.2461976
3022,6,4,2,134,2.81660647
3022,6,5,17,175,21.50083205
3022,6,5,30,188,36.67943456
3022,6,5,48,206,57.94585407
3022,6,5,71,229,85.85713046
3022,7,1,21,21,25.62832191
3022,7,2,3,55,4.649144238
3022,7,2,11,63,14.15916962
3022,7,2,40,92,49.02874478
3022,8,1,11,11,13.94952173
3022,8,1,31,31,37.51808597
3022,8,2,15,61,18.36348227
3022,8,3,17,109,21.46131297
3022,8,4,6,121,7.64533466
3022,8,5,6,159,7.237466885
3022,9,1,8,8,9.944623823
3022,9,1,27,27,33.38977137
3022,9,3,11,75,13.27831159
3022,9,3,43,107,51.94719543
3022,9,4,38,151,46.60673945
3022,9,5,8,177,9.866995611
3022,9,5,30,199,36.80568074
3022,10,1,10,10,13.03270224
3022,10,3,1,82,2.318646131
3022,10,3,5,86,6.440077748
3022,10,3,20,101,24.95760986
3022,10,3,34,115,41.02136939
3022,10,4,20,142,24.12232936
3025,1,4,39,197,47.49036472
3025,2,2,19,59,23.25538237
3025,2,3,29,101,35.17739278
3025,2,4,43,147,51.95682754
3025,2,5,26,199,31.2579067
3025,3,1,6,6,8.316346851
3025,3,1,12,13,15.57627058
3025,3,1,33,33,40.1404121
3025,3,2,6,53,7.240511268
3025,3,2,8,55,10.03597773
3025,3,2,16,63,19.79507076
3025,3,2,22,69,26.96925126
3025,3,3,11,89,13.90025261
3025,3,3,18,96,22.33186318
3025,3,3,23,101,28.04854132
3025,3,3,39,117,47.36211571
3025,3,3,50,128,60.5422512
3025,3,3,63,141,75.84360458
3025,3,4,9,161,11.98519389
3025,3,5,16,193,19.79771187
3025,4,1,6,6,7.816804172
3025,4,1,17,17,21.17099467
3025,4,2,4,29,5.068005394
3025,4,2,17,42,21.33441431
3025,4,3,11,78,13.45268703
3025,4,3,19,86,22.83499813
3025,4,3,31,98,38.31161434
3025,4,4,24,152,29.62919461
3025,4,4,30,158,36.89146534
3025,4,5,15,189,18.74911346
3025,4,5,68,242,82.22185535
3025,5,1,17,17,20.62230749
3025,5,3,3,74,4.153597976
3025,5,3,7,78,8.488299136
3025,5,3,13,84,16.3261984
3025,5,5,0,113,0.229547251
3025,6,1,6,6,7.447525972
3025,6,4,4,135,5.39671459
3025,6,5,10,167,12.82396685
3025,6,5,18,175,21.62334651
3025,6,5,25,182,30.58413121
3025,6,5,48,205,58.74320274
3025,6,5,70,227,84.76014572
3025,7,1,25,25,30.08348066
3025,7,2,24,76,29.04919982
3025,7,2,42,94,51.0296802
3025,7,2,43,95,52.65603911
3025,7,3,15,127,18.75049131
3025,7,3,29,141,35.05477506
3025,7,3,33,145,39.80422409
3025,8,1,38,38,46.32181159
3025,8,2,27,73,32.76402543
3025,8,4,23,138,27.88131712
3025,8,5,4,157,4.902431262
3025,8,5,11,164,13.57002213
3025,9,1,8,8,10.02447515
3025,9,1,23,23,27.75804528
3025,9,1,28,28,34.76137971
3025,9,1,38,38,45.93599003
3025,9,1,43,43,52.3640118
3025,9,2,3,60,4.476585694
3025,9,3,19,84,22.96172523
3025,9,3,39,104,47.15686044
3025,9,3,43,108,51.90750728
3025,10,1,6,6,7.364995769
3025,10,1,13,13,16.08148376
3025,10,3,6,88,7.607321924
3025,10,3,21,103,25.49959069
3025,10,3,36,118,44.26327966
3025,10,5,47,231,56.99550623
3028,2,1,14,14,17.78987154
3028,2,1,19,19,23.03347635
3028,2,2,16,56,20.03956055
3028,2,2,19,59,23.03938393
3028,2,3,20,92,24.92039253
3028,2,3,23,95,27.96755242
3028,2,4,22,127,26.54371746
3028,2,4,23,128,28.05116859
3028,2,4,34,139,41.14432071
3028,2,4,46,151,55.2871903
3028,2,5,14,188,17.03835869
3028,2,5,25,199,30.21216032
3028,2,5,27,201,32.54553337
3028,2,5,39,213,47.15554425
3028,3,1,3,3,3.900261054
3028,3,1,4,4,4.861034635
3028,3,1,4,4,5.602784528
3028,3,3,11,88,14.16494291
3028,3,3,12,89,15.41259727
3028,3,3,23,100,28.50557202
3028,3,3,39,116,47.321851
3028,3,3,58,135,70.42331123
3028,3,4,24,174,29.12911003
3028,3,5,11,187,14.11956662
3028,4,2,17,42,21.17124865
3028,4,2,20,45,24.67360638
3028,4,4,24,151,29.42164349
3028,4,4,25,152,31.04524
3028,4,4,26,153,32.08973844
3028,4,5,9,182,11.28731167
3028,4,5,11,184,14.11439586
3028,4,5,41,214,49.69765541
3028,6,3,35,121,42.55999919
3028,6,3,36,122,44.18671955
3028,6,3,38,125,46.77795799
3028,6,5,15,173,18.83198823
3028,6,5,16,174,20.25062528
3028,6,5,17,175,21.5439834
3028,6,5,18,176,22.66994138
3028,6,5,24,182,29.13233478
3028,6,5,25,183,30.75641008
3028,6,5,52,210,63.45286349
3028,6,5,66,224,79.76711989
3028,7,1,19,19,23.75566409
3028,7,1,21,21,26.00926428
3028,7,1,23,23,28.04684714
3028,7,2,23,75,28.50544204
3028,7,2,30,82,36.93005697
3028,7,3,31,143,37.80812571
3028,7,3,32,144,38.93792485
3028,7,3,33,145,40.18481688
3028,7,3,35,147,42.55636318
3028,8,1,31,31,37.68540084
3028,8,1,33,33,39.68526533
3028,9,2,4,61,5.396586849
3028,9,2,5,62,7.023996688
3028,9,3,11,76,13.95528782
3028,9,3,19,84,23.17484006
3028,9,3,20,85,24.3332751
3028,9,5,24,194,29.55629041
3028,10,3,9,90,10.94812867
3028,10,3,11,92,13.37277119
3028,10,5,17,200,20.78443034
3028,10,5,18,201,22.2062359
3028,10,5,23,206,28.05169042
3031,1,3,5,129,7.1571184
3031,2,1,12,12,15.45690146
3031,2,2,19,59,23.80181279
3031,2,3,21,93,25.50823126
3031,2,4,11,115,14.20710676
3031,3,1,6,6,7.946117163
3031,3,2,15,62,18.75320528
3031,3,3,29,106,35.59858215
3031,3,4,22,172,27.33667142
3031,4,1,9,10,11.9964148
3031,4,1,21,21,26.08943959
3031,4,2,16,41,20.20997253
3031,4,3,20,87,24.08996762
3031,4,4,26,153,31.72041921
3031,4,5,12,185,15.24628228
3031,4,5,44,217,53.49003023
3031,5,1,15,15,18.74832903
3031,5,3,18,89,21.62724177
3031,5,5,45,158,55.16239675
3031,6,1,34,35,41.97538998
3031,6,2,20,58,24.78624842
3031,6,3,40,127,48.56920566
3031,6,4,21,154,26.12995584
3031,6,5,8,167,10.48966521
3031,6,5,72,231,86.77201419
3031,7,1,21,21,25.96043897
3031,7,2,42,95,51.57351843
3031,8,1,34,34,41.89356879
3031,8,2,41,88,49.48908631
3031,8,5,0,153,0.03127937
3031,9,1,7,7,9.273798352
3031,9,2,5,61,6.823727731
3031,9,3,20,84,24.42025197
3031,9,5,21,190,26.12991912
3031,10,1,22,22,26.8440824
3031,10,3,0,81,0.029330995
3031,10,3,10,91,12.32518378
3031,10,4,13,135,16.53816239
3037,1,1,33,33,40.26513266
3037,1,1,45,45,54.61506066
3037,1,1,51,51,61.82478752
3037,1,1,59,59,71.37735693
3037,1,2,43,111,52.7348428
3037,1,5,12,220,14.61998169
3037,2,1,22,22,27.38302591
3037,2,1,34,34,41.56385824
3037,2,3,29,101,35.96670596
3037,2,5,19,192,23.79127744
3037,2,5,26,199,32.21860739
3037,3,1,11,11,13.20640206
3037,3,1,20,20,24.62834161
3037,3,2,15,62,18.74685355
3037,3,3,13,90,16.57970092
3037,3,3,18,95,21.71097177
3037,4,1,7,7,8.655771713
3037,4,2,36,61,44.10817489
3037,4,5,9,182,10.90790725
3037,4,5,39,212,47.39599715
3037,5,1,16,16,19.29573956
3037,5,3,14,85,17.95701478
3037,6,3,43,130,51.95040329
3037,6,5,17,176,21.28793147
3037,6,5,41,200,49.94274244
3037,7,1,19,19,23.37545809
3037,7,2,11,63,13.32905059
3037,7,2,27,79,33.55347217
3037,8,1,41,41,50.28270207
3037,9,2,5,61,6.902244565
3037,9,3,46,110,56.28829573
3037,9,5,34,203,41.06182287
3037,10,3,32,113,38.43372624
3041,1,1,46,46,55.61581036
3041,1,1,60,60,72.33641123
3041,2,1,10,10,12.78102347
3041,2,1,20,20,24.59165073
3041,2,2,20,61,24.17066978
3041,2,3,15,88,19.12710647
3041,2,4,22,128,26.7568876
3041,2,4,43,149,52.4088013
3041,2,5,15,190,18.70632015
3041,2,5,34,209,41.6930506
3041,3,1,11,11,13.90813738
3041,3,1,39,39,47.02216222
3041,3,3,0,77,0.897228162
3041,3,3,24,101,29.25203746
3041,3,4,13,163,16.28213475
3041,4,1,5,5,6.066801334
3041,4,2,19,44,23.83260804
3041,4,2,30,55,36.10141276
3041,4,3,41,108,49.31911348
3041,4,4,33,160,39.63102715
3041,4,5,6,179,7.646023248
3041,4,5,39,212,47.90419572
3041,4,5,71,244,86.19524572
3041,5,1,10,10,12.48866979
3041,5,1,41,41,49.35823169
3041,6,1,32,32,39.14802169
3041,6,3,14,101,17.21056058
3041,6,3,40,127,48.94626731
3041,7,1,16,16,20.08901384
3041,7,2,43,96,52.65980799
3041,7,3,33,146,40.68991199
3041,8,1,27,27,33.29443263
3041,8,2,36,82,43.4427948
3041,8,3,5,97,6.492466202
3041,8,3,21,113,25.50973777
3041,8,5,12,164,14.99557723
3041,9,1,6,6,8.321155259
3041,9,1,24,24,29.34050093
3041,9,1,45,45,54.49529067
3041,10,1,9,9,11.58241118
3041,10,3,10,91,12.78189105
3041,10,5,42,225,50.40220593